--------------------------------------------------------
--  File created - Tuesday-June-25-2019   
--------------------------------------------------------
--------------------------------------------------------
--  DDL for Table CHITIETHOADON
--------------------------------------------------------

  CREATE TABLE "GON"."CHITIETHOADON" 
   (	"MACHITIETHOADON" VARCHAR2(10 BYTE), 
	"MAHOADON" VARCHAR2(10 BYTE), 
	"MAVE" VARCHAR2(10 BYTE)
   ) SEGMENT CREATION IMMEDIATE 
  PCTFREE 10 PCTUSED 40 INITRANS 1 MAXTRANS 255 
 NOCOMPRESS LOGGING
  STORAGE(INITIAL 65536 NEXT 1048576 MINEXTENTS 1 MAXEXTENTS 2147483645
  PCTINCREASE 0 FREELISTS 1 FREELIST GROUPS 1
  BUFFER_POOL DEFAULT FLASH_CACHE DEFAULT CELL_FLASH_CACHE DEFAULT)
  TABLESPACE "USERS" ;
--------------------------------------------------------
--  DDL for Table CHITIETVE
--------------------------------------------------------

  CREATE TABLE "GON"."CHITIETVE" 
   (	"MAVE" VARCHAR2(10 BYTE), 
	"MACB" VARCHAR2(10 BYTE), 
	"MAKHACHHANG" VARCHAR2(9 BYTE), 
	"GIA" NUMBER, 
	"KHUYENMAI" NVARCHAR2(10)
   ) SEGMENT CREATION IMMEDIATE 
  PCTFREE 10 PCTUSED 40 INITRANS 1 MAXTRANS 255 
 NOCOMPRESS LOGGING
  STORAGE(INITIAL 65536 NEXT 1048576 MINEXTENTS 1 MAXEXTENTS 2147483645
  PCTINCREASE 0 FREELISTS 1 FREELIST GROUPS 1
  BUFFER_POOL DEFAULT FLASH_CACHE DEFAULT CELL_FLASH_CACHE DEFAULT)
  TABLESPACE "USERS" ;
--------------------------------------------------------
--  DDL for Table CHUYENBAY
--------------------------------------------------------

  CREATE TABLE "GON"."CHUYENBAY" 
   (	"MACB" VARCHAR2(10 BYTE), 
	"MAHMB" VARCHAR2(10 BYTE), 
	"DIEMKHOIHANH" VARCHAR2(10 BYTE), 
	"DIEMDEN" VARCHAR2(10 BYTE), 
	"SOGHEVIPTRONG" NUMBER, 
	"SOGHETHUONGTRONG" NUMBER, 
	"THOIGIANKHOIHANH" TIMESTAMP (6), 
	"THOIGIANBAY" NUMBER, 
	"GIAVE" NUMBER
   ) SEGMENT CREATION IMMEDIATE 
  PCTFREE 10 PCTUSED 40 INITRANS 1 MAXTRANS 255 
 NOCOMPRESS LOGGING
  STORAGE(INITIAL 65536 NEXT 1048576 MINEXTENTS 1 MAXEXTENTS 2147483645
  PCTINCREASE 0 FREELISTS 1 FREELIST GROUPS 1
  BUFFER_POOL DEFAULT FLASH_CACHE DEFAULT CELL_FLASH_CACHE DEFAULT)
  TABLESPACE "USERS" ;
--------------------------------------------------------
--  DDL for Table DANGNHAP
--------------------------------------------------------

  CREATE TABLE "GON"."DANGNHAP" 
   (	"EMAIL" NVARCHAR2(50), 
	"PASS" NVARCHAR2(50), 
	"level" NUMBER
   ) SEGMENT CREATION IMMEDIATE 
  PCTFREE 10 PCTUSED 40 INITRANS 1 MAXTRANS 255 
 NOCOMPRESS LOGGING
  STORAGE(INITIAL 65536 NEXT 1048576 MINEXTENTS 1 MAXEXTENTS 2147483645
  PCTINCREASE 0 FREELISTS 1 FREELIST GROUPS 1
  BUFFER_POOL DEFAULT FLASH_CACHE DEFAULT CELL_FLASH_CACHE DEFAULT)
  TABLESPACE "USERS" ;
--------------------------------------------------------
--  DDL for Table HANGMAYBAY
--------------------------------------------------------

  CREATE TABLE "GON"."HANGMAYBAY" 
   (	"MAHMB" VARCHAR2(10 BYTE), 
	"TENHMB" NVARCHAR2(50)
   ) SEGMENT CREATION IMMEDIATE 
  PCTFREE 10 PCTUSED 40 INITRANS 1 MAXTRANS 255 
 NOCOMPRESS LOGGING
  STORAGE(INITIAL 65536 NEXT 1048576 MINEXTENTS 1 MAXEXTENTS 2147483645
  PCTINCREASE 0 FREELISTS 1 FREELIST GROUPS 1
  BUFFER_POOL DEFAULT FLASH_CACHE DEFAULT CELL_FLASH_CACHE DEFAULT)
  TABLESPACE "USERS" ;
--------------------------------------------------------
--  DDL for Table HOADON
--------------------------------------------------------

  CREATE TABLE "GON"."HOADON" 
   (	"MAHOADON" VARCHAR2(10 BYTE), 
	"KHACHHANG" VARCHAR2(9 BYTE), 
	"TINHTRANG" NUMBER(*,0), 
	"NGAYLAP" DATE
   ) SEGMENT CREATION IMMEDIATE 
  PCTFREE 10 PCTUSED 40 INITRANS 1 MAXTRANS 255 
 NOCOMPRESS LOGGING
  STORAGE(INITIAL 65536 NEXT 1048576 MINEXTENTS 1 MAXEXTENTS 2147483645
  PCTINCREASE 0 FREELISTS 1 FREELIST GROUPS 1
  BUFFER_POOL DEFAULT FLASH_CACHE DEFAULT CELL_FLASH_CACHE DEFAULT)
  TABLESPACE "USERS" ;
--------------------------------------------------------
--  DDL for Table KHACHHANG
--------------------------------------------------------

  CREATE TABLE "GON"."KHACHHANG" 
   (	"MAKHACHHANG" VARCHAR2(9 BYTE), 
	"TENKH" NVARCHAR2(20), 
	"EMAIL" NVARCHAR2(20), 
	"TUOI" NUMBER, 
	"DIACHI" NVARCHAR2(50), 
	"LOAIHK" NUMBER, 
	"CMND" VARCHAR2(20 BYTE)
   ) SEGMENT CREATION IMMEDIATE 
  PCTFREE 10 PCTUSED 40 INITRANS 1 MAXTRANS 255 
 NOCOMPRESS LOGGING
  STORAGE(INITIAL 65536 NEXT 1048576 MINEXTENTS 1 MAXEXTENTS 2147483645
  PCTINCREASE 0 FREELISTS 1 FREELIST GROUPS 1
  BUFFER_POOL DEFAULT FLASH_CACHE DEFAULT CELL_FLASH_CACHE DEFAULT)
  TABLESPACE "USERS" ;
--------------------------------------------------------
--  DDL for Table KHUYENMAI
--------------------------------------------------------

  CREATE TABLE "GON"."KHUYENMAI" 
   (	"MAKM" NVARCHAR2(10) DEFAULT null, 
	"TENKM" NVARCHAR2(20), 
	"MOTA" NVARCHAR2(50), 
	"GIAMGIA" BINARY_DOUBLE, 
	"SOLUONGDISCOUNT" NUMBER, 
	"HANSD" DATE, 
	"TINHTRANG" NUMBER, 
	"NGAYPHATHANH" DATE
   ) SEGMENT CREATION IMMEDIATE 
  PCTFREE 10 PCTUSED 40 INITRANS 1 MAXTRANS 255 
 NOCOMPRESS LOGGING
  STORAGE(INITIAL 65536 NEXT 1048576 MINEXTENTS 1 MAXEXTENTS 2147483645
  PCTINCREASE 0 FREELISTS 1 FREELIST GROUPS 1
  BUFFER_POOL DEFAULT FLASH_CACHE DEFAULT CELL_FLASH_CACHE DEFAULT)
  TABLESPACE "USERS" ;

   COMMENT ON COLUMN "GON"."KHUYENMAI"."MAKM" IS 'GENERATED ALWAYS AS IDENTITY';
--------------------------------------------------------
--  DDL for Table SANBAY
--------------------------------------------------------

  CREATE TABLE "GON"."SANBAY" 
   (	"MASB" VARCHAR2(50 BYTE), 
	"TENSB" NVARCHAR2(50), 
	"THANHPHO" NVARCHAR2(20)
   ) SEGMENT CREATION IMMEDIATE 
  PCTFREE 10 PCTUSED 40 INITRANS 1 MAXTRANS 255 
 NOCOMPRESS LOGGING
  STORAGE(INITIAL 65536 NEXT 1048576 MINEXTENTS 1 MAXEXTENTS 2147483645
  PCTINCREASE 0 FREELISTS 1 FREELIST GROUPS 1
  BUFFER_POOL DEFAULT FLASH_CACHE DEFAULT CELL_FLASH_CACHE DEFAULT)
  TABLESPACE "USERS" ;
--------------------------------------------------------
--  DDL for Table VE
--------------------------------------------------------

  CREATE TABLE "GON"."VE" 
   (	"MAVE" VARCHAR2(10 BYTE), 
	"MACB" VARCHAR2(10 BYTE), 
	"LOAIVE" NUMBER, 
	"TINHTRANG" NUMBER, 
	"TILE" FLOAT(126), 
	"SOGHE" VARCHAR2(20 BYTE)
   ) SEGMENT CREATION IMMEDIATE 
  PCTFREE 10 PCTUSED 40 INITRANS 1 MAXTRANS 255 
 NOCOMPRESS LOGGING
  STORAGE(INITIAL 65536 NEXT 1048576 MINEXTENTS 1 MAXEXTENTS 2147483645
  PCTINCREASE 0 FREELISTS 1 FREELIST GROUPS 1
  BUFFER_POOL DEFAULT FLASH_CACHE DEFAULT CELL_FLASH_CACHE DEFAULT)
  TABLESPACE "USERS" ;
--------------------------------------------------------
--  DDL for Sequence CHITIETHOADON_SEQUENCE
--------------------------------------------------------

   CREATE SEQUENCE  "GON"."CHITIETHOADON_SEQUENCE"  MINVALUE 1 MAXVALUE 9999999999999999999999999999 INCREMENT BY 1 START WITH 26 NOCACHE  NOORDER  NOCYCLE  NOKEEP  NOSCALE  GLOBAL ;
--------------------------------------------------------
--  DDL for Sequence CHUYENBAY_SEQUENCE
--------------------------------------------------------

   CREATE SEQUENCE  "GON"."CHUYENBAY_SEQUENCE"  MINVALUE 1 MAXVALUE 9999999999999999999999999999 INCREMENT BY 1 START WITH 32 NOCACHE  NOORDER  NOCYCLE  NOKEEP  NOSCALE  GLOBAL ;
--------------------------------------------------------
--  DDL for Sequence HOADON_SEQUENCE
--------------------------------------------------------

   CREATE SEQUENCE  "GON"."HOADON_SEQUENCE"  MINVALUE 1 MAXVALUE 9999999999999999999999999999 INCREMENT BY 1 START WITH 23 NOCACHE  NOORDER  NOCYCLE  NOKEEP  NOSCALE  GLOBAL ;
--------------------------------------------------------
--  DDL for Sequence KHACHHANG_SEQUENCE
--------------------------------------------------------

   CREATE SEQUENCE  "GON"."KHACHHANG_SEQUENCE"  MINVALUE 1 MAXVALUE 9999999999999999999999999999 INCREMENT BY 1 START WITH 65 NOCACHE  NOORDER  NOCYCLE  NOKEEP  NOSCALE  GLOBAL ;
--------------------------------------------------------
--  DDL for Sequence VE_SEQUENCE
--------------------------------------------------------

   CREATE SEQUENCE  "GON"."VE_SEQUENCE"  MINVALUE 1 MAXVALUE 9999999999999999999999999999 INCREMENT BY 1 START WITH 1368 NOCACHE  NOORDER  NOCYCLE  NOKEEP  NOSCALE  GLOBAL ;
REM INSERTING into GON.CHITIETHOADON
SET DEFINE OFF;
Insert into GON.CHITIETHOADON (MACHITIETHOADON,MAHOADON,MAVE) values ('10','11',null);
Insert into GON.CHITIETHOADON (MACHITIETHOADON,MAHOADON,MAVE) values ('11','11',null);
Insert into GON.CHITIETHOADON (MACHITIETHOADON,MAHOADON,MAVE) values ('12','12',null);
Insert into GON.CHITIETHOADON (MACHITIETHOADON,MAHOADON,MAVE) values ('13','12',null);
Insert into GON.CHITIETHOADON (MACHITIETHOADON,MAHOADON,MAVE) values ('22',null,'779');
Insert into GON.CHITIETHOADON (MACHITIETHOADON,MAHOADON,MAVE) values ('23',null,'783');
Insert into GON.CHITIETHOADON (MACHITIETHOADON,MAHOADON,MAVE) values ('24',null,'1327');
Insert into GON.CHITIETHOADON (MACHITIETHOADON,MAHOADON,MAVE) values ('25',null,'1334');
Insert into GON.CHITIETHOADON (MACHITIETHOADON,MAHOADON,MAVE) values ('4','5',null);
Insert into GON.CHITIETHOADON (MACHITIETHOADON,MAHOADON,MAVE) values ('8','9','771');
Insert into GON.CHITIETHOADON (MACHITIETHOADON,MAHOADON,MAVE) values ('18','21',null);
Insert into GON.CHITIETHOADON (MACHITIETHOADON,MAHOADON,MAVE) values ('19','21',null);
Insert into GON.CHITIETHOADON (MACHITIETHOADON,MAHOADON,MAVE) values ('20','21',null);
Insert into GON.CHITIETHOADON (MACHITIETHOADON,MAHOADON,MAVE) values ('21','21',null);
Insert into GON.CHITIETHOADON (MACHITIETHOADON,MAHOADON,MAVE) values ('5','6',null);
Insert into GON.CHITIETHOADON (MACHITIETHOADON,MAHOADON,MAVE) values ('7','8',null);
Insert into GON.CHITIETHOADON (MACHITIETHOADON,MAHOADON,MAVE) values ('9','10',null);
Insert into GON.CHITIETHOADON (MACHITIETHOADON,MAHOADON,MAVE) values ('14',null,null);
Insert into GON.CHITIETHOADON (MACHITIETHOADON,MAHOADON,MAVE) values ('15',null,null);
Insert into GON.CHITIETHOADON (MACHITIETHOADON,MAHOADON,MAVE) values ('16',null,null);
Insert into GON.CHITIETHOADON (MACHITIETHOADON,MAHOADON,MAVE) values ('17',null,null);
Insert into GON.CHITIETHOADON (MACHITIETHOADON,MAHOADON,MAVE) values ('6','7',null);
REM INSERTING into GON.CHITIETVE
SET DEFINE OFF;
Insert into GON.CHITIETVE (MAVE,MACB,MAKHACHHANG,GIA,KHUYENMAI) values ('783','20','64',500000,null);
Insert into GON.CHITIETVE (MAVE,MACB,MAKHACHHANG,GIA,KHUYENMAI) values ('1327','31',null,500000,null);
Insert into GON.CHITIETVE (MAVE,MACB,MAKHACHHANG,GIA,KHUYENMAI) values ('1334','31','64',500000,null);
Insert into GON.CHITIETVE (MAVE,MACB,MAKHACHHANG,GIA,KHUYENMAI) values ('780','20','60',500000,null);
Insert into GON.CHITIETVE (MAVE,MACB,MAKHACHHANG,GIA,KHUYENMAI) values ('784','20','61',500000,null);
Insert into GON.CHITIETVE (MAVE,MACB,MAKHACHHANG,GIA,KHUYENMAI) values ('1320','31','60',500000,null);
Insert into GON.CHITIETVE (MAVE,MACB,MAKHACHHANG,GIA,KHUYENMAI) values ('1321','31','61',500000,null);
Insert into GON.CHITIETVE (MAVE,MACB,MAKHACHHANG,GIA,KHUYENMAI) values ('779','20',null,500000,null);
Insert into GON.CHITIETVE (MAVE,MACB,MAKHACHHANG,GIA,KHUYENMAI) values ('785','20','39',500000,null);
Insert into GON.CHITIETVE (MAVE,MACB,MAKHACHHANG,GIA,KHUYENMAI) values ('776','20','33',500000,null);
Insert into GON.CHITIETVE (MAVE,MACB,MAKHACHHANG,GIA,KHUYENMAI) values ('771','20','31',500000,null);
Insert into GON.CHITIETVE (MAVE,MACB,MAKHACHHANG,GIA,KHUYENMAI) values ('781','20','34',500000,null);
Insert into GON.CHITIETVE (MAVE,MACB,MAKHACHHANG,GIA,KHUYENMAI) values ('786','20','40',500000,null);
REM INSERTING into GON.CHUYENBAY
SET DEFINE OFF;
Insert into GON.CHUYENBAY (MACB,MAHMB,DIEMKHOIHANH,DIEMDEN,SOGHEVIPTRONG,SOGHETHUONGTRONG,THOIGIANKHOIHANH,THOIGIANBAY,GIAVE) values ('20','2','3','2',10,40,to_timestamp('25-JUN-19 07.51.00.000000000 PM','DD-MON-RR HH.MI.SSXFF AM'),15,500000);
Insert into GON.CHUYENBAY (MACB,MAHMB,DIEMKHOIHANH,DIEMDEN,SOGHEVIPTRONG,SOGHETHUONGTRONG,THOIGIANKHOIHANH,THOIGIANBAY,GIAVE) values ('30','2','1','6',10,40,to_timestamp('28-JUN-19 04.51.00.000000000 PM','DD-MON-RR HH.MI.SSXFF AM'),36,800000);
Insert into GON.CHUYENBAY (MACB,MAHMB,DIEMKHOIHANH,DIEMDEN,SOGHEVIPTRONG,SOGHETHUONGTRONG,THOIGIANKHOIHANH,THOIGIANBAY,GIAVE) values ('21','1','3','4',10,40,to_timestamp('26-JUN-19 07.51.00.000000000 PM','DD-MON-RR HH.MI.SSXFF AM'),15,500000);
Insert into GON.CHUYENBAY (MACB,MAHMB,DIEMKHOIHANH,DIEMDEN,SOGHEVIPTRONG,SOGHETHUONGTRONG,THOIGIANKHOIHANH,THOIGIANBAY,GIAVE) values ('22','3','6','10',10,40,to_timestamp('26-JUN-19 04.51.00.000000000 PM','DD-MON-RR HH.MI.SSXFF AM'),15,500000);
Insert into GON.CHUYENBAY (MACB,MAHMB,DIEMKHOIHANH,DIEMDEN,SOGHEVIPTRONG,SOGHETHUONGTRONG,THOIGIANKHOIHANH,THOIGIANBAY,GIAVE) values ('24','4','9','2',10,40,to_timestamp('27-JUN-19 04.51.00.000000000 PM','DD-MON-RR HH.MI.SSXFF AM'),17,600000);
Insert into GON.CHUYENBAY (MACB,MAHMB,DIEMKHOIHANH,DIEMDEN,SOGHEVIPTRONG,SOGHETHUONGTRONG,THOIGIANKHOIHANH,THOIGIANBAY,GIAVE) values ('25','2','5','2',10,40,to_timestamp('27-JUN-19 04.51.00.000000000 PM','DD-MON-RR HH.MI.SSXFF AM'),18,500000);
Insert into GON.CHUYENBAY (MACB,MAHMB,DIEMKHOIHANH,DIEMDEN,SOGHEVIPTRONG,SOGHETHUONGTRONG,THOIGIANKHOIHANH,THOIGIANBAY,GIAVE) values ('26','3','9','2',10,40,to_timestamp('27-JUN-19 04.51.00.000000000 PM','DD-MON-RR HH.MI.SSXFF AM'),68,700000);
Insert into GON.CHUYENBAY (MACB,MAHMB,DIEMKHOIHANH,DIEMDEN,SOGHEVIPTRONG,SOGHETHUONGTRONG,THOIGIANKHOIHANH,THOIGIANBAY,GIAVE) values ('27','4','7','2',10,40,to_timestamp('27-JUN-19 04.51.00.000000000 PM','DD-MON-RR HH.MI.SSXFF AM'),68,700000);
Insert into GON.CHUYENBAY (MACB,MAHMB,DIEMKHOIHANH,DIEMDEN,SOGHEVIPTRONG,SOGHETHUONGTRONG,THOIGIANKHOIHANH,THOIGIANBAY,GIAVE) values ('28','3','7','2',10,40,to_timestamp('28-JUN-19 04.51.00.000000000 PM','DD-MON-RR HH.MI.SSXFF AM'),68,700000);
Insert into GON.CHUYENBAY (MACB,MAHMB,DIEMKHOIHANH,DIEMDEN,SOGHEVIPTRONG,SOGHETHUONGTRONG,THOIGIANKHOIHANH,THOIGIANBAY,GIAVE) values ('29','3','4','3',10,40,to_timestamp('28-JUN-19 04.51.00.000000000 PM','DD-MON-RR HH.MI.SSXFF AM'),36,800000);
Insert into GON.CHUYENBAY (MACB,MAHMB,DIEMKHOIHANH,DIEMDEN,SOGHEVIPTRONG,SOGHETHUONGTRONG,THOIGIANKHOIHANH,THOIGIANBAY,GIAVE) values ('31','2','2','3',10,40,to_timestamp('26-JUN-19 07.51.00.000000000 PM','DD-MON-RR HH.MI.SSXFF AM'),15,500000);
REM INSERTING into GON.DANGNHAP
SET DEFINE OFF;
Insert into GON.DANGNHAP (EMAIL,PASS,"level") values ('gon@gmail.com','hunterxhunter',1);
REM INSERTING into GON.HANGMAYBAY
SET DEFINE OFF;
Insert into GON.HANGMAYBAY (MAHMB,TENHMB) values ('1','Jetstar');
Insert into GON.HANGMAYBAY (MAHMB,TENHMB) values ('2','Vietnam Airlines');
Insert into GON.HANGMAYBAY (MAHMB,TENHMB) values ('3','Vietjet Air');
Insert into GON.HANGMAYBAY (MAHMB,TENHMB) values ('4','Bamboo');
REM INSERTING into GON.HOADON
SET DEFINE OFF;
Insert into GON.HOADON (MAHOADON,KHACHHANG,TINHTRANG,NGAYLAP) values ('5','27',1,to_date('23-JUN-19','DD-MON-RR'));
Insert into GON.HOADON (MAHOADON,KHACHHANG,TINHTRANG,NGAYLAP) values ('18',null,1,to_date('24-JUN-19','DD-MON-RR'));
Insert into GON.HOADON (MAHOADON,KHACHHANG,TINHTRANG,NGAYLAP) values ('20','60',1,to_date('24-JUN-19','DD-MON-RR'));
Insert into GON.HOADON (MAHOADON,KHACHHANG,TINHTRANG,NGAYLAP) values ('22',null,1,to_date('24-JUN-19','DD-MON-RR'));
Insert into GON.HOADON (MAHOADON,KHACHHANG,TINHTRANG,NGAYLAP) values ('6','28',1,to_date('24-JUN-19','DD-MON-RR'));
Insert into GON.HOADON (MAHOADON,KHACHHANG,TINHTRANG,NGAYLAP) values ('13',null,1,to_date('24-JUN-19','DD-MON-RR'));
Insert into GON.HOADON (MAHOADON,KHACHHANG,TINHTRANG,NGAYLAP) values ('14',null,1,to_date('24-JUN-19','DD-MON-RR'));
Insert into GON.HOADON (MAHOADON,KHACHHANG,TINHTRANG,NGAYLAP) values ('8','30',1,to_date('24-JUN-19','DD-MON-RR'));
Insert into GON.HOADON (MAHOADON,KHACHHANG,TINHTRANG,NGAYLAP) values ('10','32',1,to_date('24-JUN-19','DD-MON-RR'));
Insert into GON.HOADON (MAHOADON,KHACHHANG,TINHTRANG,NGAYLAP) values ('19','58',1,to_date('24-JUN-19','DD-MON-RR'));
Insert into GON.HOADON (MAHOADON,KHACHHANG,TINHTRANG,NGAYLAP) values ('21','62',1,to_date('24-JUN-19','DD-MON-RR'));
Insert into GON.HOADON (MAHOADON,KHACHHANG,TINHTRANG,NGAYLAP) values ('7','29',1,to_date('24-JUN-19','DD-MON-RR'));
Insert into GON.HOADON (MAHOADON,KHACHHANG,TINHTRANG,NGAYLAP) values ('12','42',1,to_date('24-JUN-19','DD-MON-RR'));
Insert into GON.HOADON (MAHOADON,KHACHHANG,TINHTRANG,NGAYLAP) values ('15',null,1,to_date('24-JUN-19','DD-MON-RR'));
Insert into GON.HOADON (MAHOADON,KHACHHANG,TINHTRANG,NGAYLAP) values ('9','31',1,to_date('24-JUN-19','DD-MON-RR'));
Insert into GON.HOADON (MAHOADON,KHACHHANG,TINHTRANG,NGAYLAP) values ('17',null,1,to_date('24-JUN-19','DD-MON-RR'));
Insert into GON.HOADON (MAHOADON,KHACHHANG,TINHTRANG,NGAYLAP) values ('11','38',1,to_date('24-JUN-19','DD-MON-RR'));
Insert into GON.HOADON (MAHOADON,KHACHHANG,TINHTRANG,NGAYLAP) values ('16',null,1,to_date('24-JUN-19','DD-MON-RR'));
REM INSERTING into GON.KHACHHANG
SET DEFINE OFF;
Insert into GON.KHACHHANG (MAKHACHHANG,TENKH,EMAIL,TUOI,DIACHI,LOAIHK,CMND) values ('41','tinikun','tinikun@gmail.com',25,'asdfg',1,null);
Insert into GON.KHACHHANG (MAKHACHHANG,TENKH,EMAIL,TUOI,DIACHI,LOAIHK,CMND) values ('42','thoreau','thoreau@gmail.com',33,'asdf',1,null);
Insert into GON.KHACHHANG (MAKHACHHANG,TENKH,EMAIL,TUOI,DIACHI,LOAIHK,CMND) values ('55','hiro','qwe@gmail',123434,'qwe',1,'21');
Insert into GON.KHACHHANG (MAKHACHHANG,TENKH,EMAIL,TUOI,DIACHI,LOAIHK,CMND) values ('26','Mai Trung Tin','gon2@gmail.com',23,'dsdsad',1,null);
Insert into GON.KHACHHANG (MAKHACHHANG,TENKH,EMAIL,TUOI,DIACHI,LOAIHK,CMND) values ('34','Phuoc','dsadsa',21,'dsadsa',1,null);
Insert into GON.KHACHHANG (MAKHACHHANG,TENKH,EMAIL,TUOI,DIACHI,LOAIHK,CMND) values ('40','Levi','levi@gmail.com',23,'asdfg',1,null);
Insert into GON.KHACHHANG (MAKHACHHANG,TENKH,EMAIL,TUOI,DIACHI,LOAIHK,CMND) values ('60','hikaru','sdsa',21,'sadadsa',1,'213123');
Insert into GON.KHACHHANG (MAKHACHHANG,TENKH,EMAIL,TUOI,DIACHI,LOAIHK,CMND) values ('61','ddfsdfds','ssadas',21,'dsdasd',1,'123321');
Insert into GON.KHACHHANG (MAKHACHHANG,TENKH,EMAIL,TUOI,DIACHI,LOAIHK,CMND) values ('64','dsads','sdsad',21,'sdsdsad',1,'32313');
Insert into GON.KHACHHANG (MAKHACHHANG,TENKH,EMAIL,TUOI,DIACHI,LOAIHK,CMND) values ('44','quoc minh','hiep@gmail.com',12344,'qwer',1,'23');
Insert into GON.KHACHHANG (MAKHACHHANG,TENKH,EMAIL,TUOI,DIACHI,LOAIHK,CMND) values ('45','hiep','luuhiep@gmail.com',1234,'qwer',1,'32');
Insert into GON.KHACHHANG (MAKHACHHANG,TENKH,EMAIL,TUOI,DIACHI,LOAIHK,CMND) values ('51','Ezreal','qwerr',2412345,'qwert',1,'21');
Insert into GON.KHACHHANG (MAKHACHHANG,TENKH,EMAIL,TUOI,DIACHI,LOAIHK,CMND) values ('30','Ph?m Minh L?c','loc@gmail.com',21,'223 dsa',1,null);
Insert into GON.KHACHHANG (MAKHACHHANG,TENKH,EMAIL,TUOI,DIACHI,LOAIHK,CMND) values ('43','Quoc Thang','thang@gmail.com',123456,'12346',1,'23');
Insert into GON.KHACHHANG (MAKHACHHANG,TENKH,EMAIL,TUOI,DIACHI,LOAIHK,CMND) values ('52','sona','asdsad',12323,'asdadsad',1,'23');
Insert into GON.KHACHHANG (MAKHACHHANG,TENKH,EMAIL,TUOI,DIACHI,LOAIHK,CMND) values ('31','Ph?m Minh L?c','loc@gmail.com',21,'Dao Ca Voi',1,null);
Insert into GON.KHACHHANG (MAKHACHHANG,TENKH,EMAIL,TUOI,DIACHI,LOAIHK,CMND) values ('38','Ha Minh Thao','dsadsa',23,'dsdadsada',1,null);
Insert into GON.KHACHHANG (MAKHACHHANG,TENKH,EMAIL,TUOI,DIACHI,LOAIHK,CMND) values ('28','Mai Trung Tin','dsdsd',21,'dsdas',1,null);
Insert into GON.KHACHHANG (MAKHACHHANG,TENKH,EMAIL,TUOI,DIACHI,LOAIHK,CMND) values ('29','Mai Trung Tin','gon@gmail.com',21,'Dao Ca Voi',1,null);
Insert into GON.KHACHHANG (MAKHACHHANG,TENKH,EMAIL,TUOI,DIACHI,LOAIHK,CMND) values ('46','nami','nami@gmail.com',123,'asdfgg',1,'23');
Insert into GON.KHACHHANG (MAKHACHHANG,TENKH,EMAIL,TUOI,DIACHI,LOAIHK,CMND) values ('62','hai','dsadsa',21,'asdsa',1,'1233');
Insert into GON.KHACHHANG (MAKHACHHANG,TENKH,EMAIL,TUOI,DIACHI,LOAIHK,CMND) values ('63','hieu3','sdsadsa',32,'adsadas',1,'32321312');
Insert into GON.KHACHHANG (MAKHACHHANG,TENKH,EMAIL,TUOI,DIACHI,LOAIHK,CMND) values ('58','hikari','hikari@gmail.com',21,'sdsadsad',1,'215542');
Insert into GON.KHACHHANG (MAKHACHHANG,TENKH,EMAIL,TUOI,DIACHI,LOAIHK,CMND) values ('59','minami','ddads',24,'qwewqwq',1,'12323');
Insert into GON.KHACHHANG (MAKHACHHANG,TENKH,EMAIL,TUOI,DIACHI,LOAIHK,CMND) values ('37','Ha Minh Thao','fdsafa',21,'dsadsa',1,null);
Insert into GON.KHACHHANG (MAKHACHHANG,TENKH,EMAIL,TUOI,DIACHI,LOAIHK,CMND) values ('39','zeros','zeros@gmail.com',32,'sdadasd',1,null);
Insert into GON.KHACHHANG (MAKHACHHANG,TENKH,EMAIL,TUOI,DIACHI,LOAIHK,CMND) values ('50','abczyx','qwewqe',123456,'asdsaf',1,'21');
Insert into GON.KHACHHANG (MAKHACHHANG,TENKH,EMAIL,TUOI,DIACHI,LOAIHK,CMND) values ('53','jhin','dsadsa',123412,'sadasdas',1,'21');
Insert into GON.KHACHHANG (MAKHACHHANG,TENKH,EMAIL,TUOI,DIACHI,LOAIHK,CMND) values ('32','Ha','ha@gmail.com',22,'asdf',1,null);
Insert into GON.KHACHHANG (MAKHACHHANG,TENKH,EMAIL,TUOI,DIACHI,LOAIHK,CMND) values ('33','Pham Minh Phuoc','phuoc@gmail.com',23,'asdf',1,null);
Insert into GON.KHACHHANG (MAKHACHHANG,TENKH,EMAIL,TUOI,DIACHI,LOAIHK,CMND) values ('54','ewqeqwew','ewqewq',2131,'asdsad',1,'32');
Insert into GON.KHACHHANG (MAKHACHHANG,TENKH,EMAIL,TUOI,DIACHI,LOAIHK,CMND) values ('57','sasdsad','dsadsa',23123,'sdadas',1,'21');
Insert into GON.KHACHHANG (MAKHACHHANG,TENKH,EMAIL,TUOI,DIACHI,LOAIHK,CMND) values ('27','Tr?n Duy Sang','dsadasd',21,'dsada',1,null);
Insert into GON.KHACHHANG (MAKHACHHANG,TENKH,EMAIL,TUOI,DIACHI,LOAIHK,CMND) values ('56','hideo','dsdsada',1232,'asdsad',1,'21');
REM INSERTING into GON.KHUYENMAI
SET DEFINE OFF;
Insert into GON.KHUYENMAI (MAKM,TENKM,MOTA,GIAMGIA,SOLUONGDISCOUNT,HANSD,TINHTRANG,NGAYPHATHANH) values ('1','Giang sinh',null,null,null,null,null,null);
REM INSERTING into GON.SANBAY
SET DEFINE OFF;
Insert into GON.SANBAY (MASB,TENSB,THANHPHO) values ('1','San bay Tan Son Nhat','Ho Chi Minh');
Insert into GON.SANBAY (MASB,TENSB,THANHPHO) values ('2','San bay Phu Cat','Binh Dinh');
Insert into GON.SANBAY (MASB,TENSB,THANHPHO) values ('3','San bay Can Tho','Can Tho');
Insert into GON.SANBAY (MASB,TENSB,THANHPHO) values ('4','San bay Dien Bien Phu',null);
Insert into GON.SANBAY (MASB,TENSB,THANHPHO) values ('5','San bay Pleiku',null);
Insert into GON.SANBAY (MASB,TENSB,THANHPHO) values ('6','San bay Noi Bai',null);
Insert into GON.SANBAY (MASB,TENSB,THANHPHO) values ('7','San bay Phu Quoc',null);
Insert into GON.SANBAY (MASB,TENSB,THANHPHO) values ('8','San bay Phu Bai',null);
Insert into GON.SANBAY (MASB,TENSB,THANHPHO) values ('9','San bay Da Nang',null);
Insert into GON.SANBAY (MASB,TENSB,THANHPHO) values ('10','San bay Ca Mau',null);
REM INSERTING into GON.VE
SET DEFINE OFF;
Insert into GON.VE (MAVE,MACB,LOAIVE,TINHTRANG,TILE,SOGHE) values ('1269','30',0,0,1,'1');
Insert into GON.VE (MAVE,MACB,LOAIVE,TINHTRANG,TILE,SOGHE) values ('1270','30',0,0,1,'2');
Insert into GON.VE (MAVE,MACB,LOAIVE,TINHTRANG,TILE,SOGHE) values ('1271','30',0,0,1,'3');
Insert into GON.VE (MAVE,MACB,LOAIVE,TINHTRANG,TILE,SOGHE) values ('1272','30',0,0,1,'4');
Insert into GON.VE (MAVE,MACB,LOAIVE,TINHTRANG,TILE,SOGHE) values ('1273','30',0,0,1,'5');
Insert into GON.VE (MAVE,MACB,LOAIVE,TINHTRANG,TILE,SOGHE) values ('1274','30',0,0,1,'6');
Insert into GON.VE (MAVE,MACB,LOAIVE,TINHTRANG,TILE,SOGHE) values ('1275','30',0,0,1,'7');
Insert into GON.VE (MAVE,MACB,LOAIVE,TINHTRANG,TILE,SOGHE) values ('1276','30',0,0,1,'8');
Insert into GON.VE (MAVE,MACB,LOAIVE,TINHTRANG,TILE,SOGHE) values ('1277','30',0,0,1,'9');
Insert into GON.VE (MAVE,MACB,LOAIVE,TINHTRANG,TILE,SOGHE) values ('1278','30',0,0,1,'10');
Insert into GON.VE (MAVE,MACB,LOAIVE,TINHTRANG,TILE,SOGHE) values ('1279','30',0,0,1,'11');
Insert into GON.VE (MAVE,MACB,LOAIVE,TINHTRANG,TILE,SOGHE) values ('1280','30',0,0,1,'12');
Insert into GON.VE (MAVE,MACB,LOAIVE,TINHTRANG,TILE,SOGHE) values ('1281','30',0,0,1,'13');
Insert into GON.VE (MAVE,MACB,LOAIVE,TINHTRANG,TILE,SOGHE) values ('1282','30',0,0,1,'14');
Insert into GON.VE (MAVE,MACB,LOAIVE,TINHTRANG,TILE,SOGHE) values ('1283','30',0,0,1,'15');
Insert into GON.VE (MAVE,MACB,LOAIVE,TINHTRANG,TILE,SOGHE) values ('1284','30',0,0,1,'16');
Insert into GON.VE (MAVE,MACB,LOAIVE,TINHTRANG,TILE,SOGHE) values ('1285','30',0,0,1,'17');
Insert into GON.VE (MAVE,MACB,LOAIVE,TINHTRANG,TILE,SOGHE) values ('1286','30',0,0,1,'18');
Insert into GON.VE (MAVE,MACB,LOAIVE,TINHTRANG,TILE,SOGHE) values ('1287','30',0,0,1,'19');
Insert into GON.VE (MAVE,MACB,LOAIVE,TINHTRANG,TILE,SOGHE) values ('1288','30',0,0,1,'20');
Insert into GON.VE (MAVE,MACB,LOAIVE,TINHTRANG,TILE,SOGHE) values ('1289','30',0,0,1,'21');
Insert into GON.VE (MAVE,MACB,LOAIVE,TINHTRANG,TILE,SOGHE) values ('1290','30',0,0,1,'22');
Insert into GON.VE (MAVE,MACB,LOAIVE,TINHTRANG,TILE,SOGHE) values ('1291','30',0,0,1,'23');
Insert into GON.VE (MAVE,MACB,LOAIVE,TINHTRANG,TILE,SOGHE) values ('1292','30',0,0,1,'24');
Insert into GON.VE (MAVE,MACB,LOAIVE,TINHTRANG,TILE,SOGHE) values ('1293','30',0,0,1,'25');
Insert into GON.VE (MAVE,MACB,LOAIVE,TINHTRANG,TILE,SOGHE) values ('1294','30',0,0,1,'26');
Insert into GON.VE (MAVE,MACB,LOAIVE,TINHTRANG,TILE,SOGHE) values ('1295','30',0,0,1,'27');
Insert into GON.VE (MAVE,MACB,LOAIVE,TINHTRANG,TILE,SOGHE) values ('1296','30',0,0,1,'28');
Insert into GON.VE (MAVE,MACB,LOAIVE,TINHTRANG,TILE,SOGHE) values ('1297','30',0,0,1,'29');
Insert into GON.VE (MAVE,MACB,LOAIVE,TINHTRANG,TILE,SOGHE) values ('1298','30',0,0,1,'30');
Insert into GON.VE (MAVE,MACB,LOAIVE,TINHTRANG,TILE,SOGHE) values ('1299','30',0,0,1,'31');
Insert into GON.VE (MAVE,MACB,LOAIVE,TINHTRANG,TILE,SOGHE) values ('1300','30',0,0,1,'32');
Insert into GON.VE (MAVE,MACB,LOAIVE,TINHTRANG,TILE,SOGHE) values ('1301','30',0,0,1,'33');
Insert into GON.VE (MAVE,MACB,LOAIVE,TINHTRANG,TILE,SOGHE) values ('1302','30',0,0,1,'34');
Insert into GON.VE (MAVE,MACB,LOAIVE,TINHTRANG,TILE,SOGHE) values ('1303','30',0,0,1,'35');
Insert into GON.VE (MAVE,MACB,LOAIVE,TINHTRANG,TILE,SOGHE) values ('1304','30',0,0,1,'36');
Insert into GON.VE (MAVE,MACB,LOAIVE,TINHTRANG,TILE,SOGHE) values ('1305','30',0,0,1,'37');
Insert into GON.VE (MAVE,MACB,LOAIVE,TINHTRANG,TILE,SOGHE) values ('1306','30',0,0,1,'38');
Insert into GON.VE (MAVE,MACB,LOAIVE,TINHTRANG,TILE,SOGHE) values ('1307','30',0,0,1,'39');
Insert into GON.VE (MAVE,MACB,LOAIVE,TINHTRANG,TILE,SOGHE) values ('1308','30',1,0,2,'40');
Insert into GON.VE (MAVE,MACB,LOAIVE,TINHTRANG,TILE,SOGHE) values ('1309','30',1,0,2,'41');
Insert into GON.VE (MAVE,MACB,LOAIVE,TINHTRANG,TILE,SOGHE) values ('1310','30',1,0,2,'42');
Insert into GON.VE (MAVE,MACB,LOAIVE,TINHTRANG,TILE,SOGHE) values ('1311','30',1,0,2,'43');
Insert into GON.VE (MAVE,MACB,LOAIVE,TINHTRANG,TILE,SOGHE) values ('1312','30',1,0,2,'44');
Insert into GON.VE (MAVE,MACB,LOAIVE,TINHTRANG,TILE,SOGHE) values ('1313','30',1,0,2,'45');
Insert into GON.VE (MAVE,MACB,LOAIVE,TINHTRANG,TILE,SOGHE) values ('1314','30',1,0,2,'46');
Insert into GON.VE (MAVE,MACB,LOAIVE,TINHTRANG,TILE,SOGHE) values ('1315','30',1,0,2,'47');
Insert into GON.VE (MAVE,MACB,LOAIVE,TINHTRANG,TILE,SOGHE) values ('1316','30',1,0,2,'48');
Insert into GON.VE (MAVE,MACB,LOAIVE,TINHTRANG,TILE,SOGHE) values ('1317','30',1,0,2,'49');
Insert into GON.VE (MAVE,MACB,LOAIVE,TINHTRANG,TILE,SOGHE) values ('768','20',0,0,1,'0');
Insert into GON.VE (MAVE,MACB,LOAIVE,TINHTRANG,TILE,SOGHE) values ('769','20',0,0,1,'1');
Insert into GON.VE (MAVE,MACB,LOAIVE,TINHTRANG,TILE,SOGHE) values ('771','20',0,0,1,'3');
Insert into GON.VE (MAVE,MACB,LOAIVE,TINHTRANG,TILE,SOGHE) values ('772','20',0,0,1,'4');
Insert into GON.VE (MAVE,MACB,LOAIVE,TINHTRANG,TILE,SOGHE) values ('773','20',0,0,1,'5');
Insert into GON.VE (MAVE,MACB,LOAIVE,TINHTRANG,TILE,SOGHE) values ('774','20',0,0,1,'6');
Insert into GON.VE (MAVE,MACB,LOAIVE,TINHTRANG,TILE,SOGHE) values ('775','20',0,0,1,'7');
Insert into GON.VE (MAVE,MACB,LOAIVE,TINHTRANG,TILE,SOGHE) values ('776','20',0,0,1,'8');
Insert into GON.VE (MAVE,MACB,LOAIVE,TINHTRANG,TILE,SOGHE) values ('777','20',0,0,1,'9');
Insert into GON.VE (MAVE,MACB,LOAIVE,TINHTRANG,TILE,SOGHE) values ('778','20',0,0,1,'10');
Insert into GON.VE (MAVE,MACB,LOAIVE,TINHTRANG,TILE,SOGHE) values ('779','20',0,1,1,'11');
Insert into GON.VE (MAVE,MACB,LOAIVE,TINHTRANG,TILE,SOGHE) values ('780','20',0,0,1,'12');
Insert into GON.VE (MAVE,MACB,LOAIVE,TINHTRANG,TILE,SOGHE) values ('781','20',0,0,1,'13');
Insert into GON.VE (MAVE,MACB,LOAIVE,TINHTRANG,TILE,SOGHE) values ('782','20',0,0,1,'14');
Insert into GON.VE (MAVE,MACB,LOAIVE,TINHTRANG,TILE,SOGHE) values ('783','20',0,1,1,'15');
Insert into GON.VE (MAVE,MACB,LOAIVE,TINHTRANG,TILE,SOGHE) values ('784','20',0,0,1,'16');
Insert into GON.VE (MAVE,MACB,LOAIVE,TINHTRANG,TILE,SOGHE) values ('785','20',0,0,1,'17');
Insert into GON.VE (MAVE,MACB,LOAIVE,TINHTRANG,TILE,SOGHE) values ('786','20',0,0,1,'18');
Insert into GON.VE (MAVE,MACB,LOAIVE,TINHTRANG,TILE,SOGHE) values ('787','20',0,0,1,'19');
Insert into GON.VE (MAVE,MACB,LOAIVE,TINHTRANG,TILE,SOGHE) values ('788','20',0,0,1,'20');
Insert into GON.VE (MAVE,MACB,LOAIVE,TINHTRANG,TILE,SOGHE) values ('789','20',0,0,1,'21');
Insert into GON.VE (MAVE,MACB,LOAIVE,TINHTRANG,TILE,SOGHE) values ('790','20',0,0,1,'22');
Insert into GON.VE (MAVE,MACB,LOAIVE,TINHTRANG,TILE,SOGHE) values ('791','20',0,0,1,'23');
Insert into GON.VE (MAVE,MACB,LOAIVE,TINHTRANG,TILE,SOGHE) values ('792','20',0,0,1,'24');
Insert into GON.VE (MAVE,MACB,LOAIVE,TINHTRANG,TILE,SOGHE) values ('793','20',0,0,1,'25');
Insert into GON.VE (MAVE,MACB,LOAIVE,TINHTRANG,TILE,SOGHE) values ('794','20',0,0,1,'26');
Insert into GON.VE (MAVE,MACB,LOAIVE,TINHTRANG,TILE,SOGHE) values ('795','20',0,0,1,'27');
Insert into GON.VE (MAVE,MACB,LOAIVE,TINHTRANG,TILE,SOGHE) values ('796','20',0,0,1,'28');
Insert into GON.VE (MAVE,MACB,LOAIVE,TINHTRANG,TILE,SOGHE) values ('797','20',0,0,1,'29');
Insert into GON.VE (MAVE,MACB,LOAIVE,TINHTRANG,TILE,SOGHE) values ('798','20',0,0,1,'30');
Insert into GON.VE (MAVE,MACB,LOAIVE,TINHTRANG,TILE,SOGHE) values ('799','20',0,0,1,'31');
Insert into GON.VE (MAVE,MACB,LOAIVE,TINHTRANG,TILE,SOGHE) values ('800','20',0,0,1,'32');
Insert into GON.VE (MAVE,MACB,LOAIVE,TINHTRANG,TILE,SOGHE) values ('801','20',0,0,1,'33');
Insert into GON.VE (MAVE,MACB,LOAIVE,TINHTRANG,TILE,SOGHE) values ('802','20',0,0,1,'34');
Insert into GON.VE (MAVE,MACB,LOAIVE,TINHTRANG,TILE,SOGHE) values ('803','20',0,0,1,'35');
Insert into GON.VE (MAVE,MACB,LOAIVE,TINHTRANG,TILE,SOGHE) values ('804','20',0,0,1,'36');
Insert into GON.VE (MAVE,MACB,LOAIVE,TINHTRANG,TILE,SOGHE) values ('805','20',0,0,1,'37');
Insert into GON.VE (MAVE,MACB,LOAIVE,TINHTRANG,TILE,SOGHE) values ('806','20',0,0,1,'38');
Insert into GON.VE (MAVE,MACB,LOAIVE,TINHTRANG,TILE,SOGHE) values ('807','20',0,0,1,'39');
Insert into GON.VE (MAVE,MACB,LOAIVE,TINHTRANG,TILE,SOGHE) values ('808','20',1,0,2,'40');
Insert into GON.VE (MAVE,MACB,LOAIVE,TINHTRANG,TILE,SOGHE) values ('809','20',1,0,2,'41');
Insert into GON.VE (MAVE,MACB,LOAIVE,TINHTRANG,TILE,SOGHE) values ('810','20',1,0,2,'42');
Insert into GON.VE (MAVE,MACB,LOAIVE,TINHTRANG,TILE,SOGHE) values ('811','20',1,0,2,'43');
Insert into GON.VE (MAVE,MACB,LOAIVE,TINHTRANG,TILE,SOGHE) values ('812','20',1,0,2,'44');
Insert into GON.VE (MAVE,MACB,LOAIVE,TINHTRANG,TILE,SOGHE) values ('813','20',1,0,2,'45');
Insert into GON.VE (MAVE,MACB,LOAIVE,TINHTRANG,TILE,SOGHE) values ('814','20',1,0,2,'46');
Insert into GON.VE (MAVE,MACB,LOAIVE,TINHTRANG,TILE,SOGHE) values ('815','20',1,0,2,'47');
Insert into GON.VE (MAVE,MACB,LOAIVE,TINHTRANG,TILE,SOGHE) values ('816','20',1,0,2,'48');
Insert into GON.VE (MAVE,MACB,LOAIVE,TINHTRANG,TILE,SOGHE) values ('817','20',1,0,2,'49');
Insert into GON.VE (MAVE,MACB,LOAIVE,TINHTRANG,TILE,SOGHE) values ('1268','30',0,0,1,'0');
Insert into GON.VE (MAVE,MACB,LOAIVE,TINHTRANG,TILE,SOGHE) values ('869','22',0,0,1,'1');
Insert into GON.VE (MAVE,MACB,LOAIVE,TINHTRANG,TILE,SOGHE) values ('870','22',0,0,1,'2');
Insert into GON.VE (MAVE,MACB,LOAIVE,TINHTRANG,TILE,SOGHE) values ('871','22',0,0,1,'3');
Insert into GON.VE (MAVE,MACB,LOAIVE,TINHTRANG,TILE,SOGHE) values ('818','21',0,0,1,'0');
Insert into GON.VE (MAVE,MACB,LOAIVE,TINHTRANG,TILE,SOGHE) values ('819','21',0,0,1,'1');
Insert into GON.VE (MAVE,MACB,LOAIVE,TINHTRANG,TILE,SOGHE) values ('820','21',0,0,1,'2');
Insert into GON.VE (MAVE,MACB,LOAIVE,TINHTRANG,TILE,SOGHE) values ('821','21',0,0,1,'3');
Insert into GON.VE (MAVE,MACB,LOAIVE,TINHTRANG,TILE,SOGHE) values ('822','21',0,0,1,'4');
Insert into GON.VE (MAVE,MACB,LOAIVE,TINHTRANG,TILE,SOGHE) values ('823','21',0,0,1,'5');
Insert into GON.VE (MAVE,MACB,LOAIVE,TINHTRANG,TILE,SOGHE) values ('824','21',0,0,1,'6');
Insert into GON.VE (MAVE,MACB,LOAIVE,TINHTRANG,TILE,SOGHE) values ('825','21',0,0,1,'7');
Insert into GON.VE (MAVE,MACB,LOAIVE,TINHTRANG,TILE,SOGHE) values ('826','21',0,0,1,'8');
Insert into GON.VE (MAVE,MACB,LOAIVE,TINHTRANG,TILE,SOGHE) values ('827','21',0,0,1,'9');
Insert into GON.VE (MAVE,MACB,LOAIVE,TINHTRANG,TILE,SOGHE) values ('828','21',0,0,1,'10');
Insert into GON.VE (MAVE,MACB,LOAIVE,TINHTRANG,TILE,SOGHE) values ('829','21',0,0,1,'11');
Insert into GON.VE (MAVE,MACB,LOAIVE,TINHTRANG,TILE,SOGHE) values ('830','21',0,0,1,'12');
Insert into GON.VE (MAVE,MACB,LOAIVE,TINHTRANG,TILE,SOGHE) values ('831','21',0,0,1,'13');
Insert into GON.VE (MAVE,MACB,LOAIVE,TINHTRANG,TILE,SOGHE) values ('832','21',0,0,1,'14');
Insert into GON.VE (MAVE,MACB,LOAIVE,TINHTRANG,TILE,SOGHE) values ('833','21',0,0,1,'15');
Insert into GON.VE (MAVE,MACB,LOAIVE,TINHTRANG,TILE,SOGHE) values ('834','21',0,0,1,'16');
Insert into GON.VE (MAVE,MACB,LOAIVE,TINHTRANG,TILE,SOGHE) values ('835','21',0,0,1,'17');
Insert into GON.VE (MAVE,MACB,LOAIVE,TINHTRANG,TILE,SOGHE) values ('836','21',0,0,1,'18');
Insert into GON.VE (MAVE,MACB,LOAIVE,TINHTRANG,TILE,SOGHE) values ('837','21',0,0,1,'19');
Insert into GON.VE (MAVE,MACB,LOAIVE,TINHTRANG,TILE,SOGHE) values ('838','21',0,0,1,'20');
Insert into GON.VE (MAVE,MACB,LOAIVE,TINHTRANG,TILE,SOGHE) values ('839','21',0,0,1,'21');
Insert into GON.VE (MAVE,MACB,LOAIVE,TINHTRANG,TILE,SOGHE) values ('840','21',0,0,1,'22');
Insert into GON.VE (MAVE,MACB,LOAIVE,TINHTRANG,TILE,SOGHE) values ('841','21',0,0,1,'23');
Insert into GON.VE (MAVE,MACB,LOAIVE,TINHTRANG,TILE,SOGHE) values ('842','21',0,0,1,'24');
Insert into GON.VE (MAVE,MACB,LOAIVE,TINHTRANG,TILE,SOGHE) values ('843','21',0,0,1,'25');
Insert into GON.VE (MAVE,MACB,LOAIVE,TINHTRANG,TILE,SOGHE) values ('844','21',0,0,1,'26');
Insert into GON.VE (MAVE,MACB,LOAIVE,TINHTRANG,TILE,SOGHE) values ('845','21',0,0,1,'27');
Insert into GON.VE (MAVE,MACB,LOAIVE,TINHTRANG,TILE,SOGHE) values ('846','21',0,0,1,'28');
Insert into GON.VE (MAVE,MACB,LOAIVE,TINHTRANG,TILE,SOGHE) values ('847','21',0,0,1,'29');
Insert into GON.VE (MAVE,MACB,LOAIVE,TINHTRANG,TILE,SOGHE) values ('848','21',0,0,1,'30');
Insert into GON.VE (MAVE,MACB,LOAIVE,TINHTRANG,TILE,SOGHE) values ('849','21',0,0,1,'31');
Insert into GON.VE (MAVE,MACB,LOAIVE,TINHTRANG,TILE,SOGHE) values ('850','21',0,0,1,'32');
Insert into GON.VE (MAVE,MACB,LOAIVE,TINHTRANG,TILE,SOGHE) values ('851','21',0,0,1,'33');
Insert into GON.VE (MAVE,MACB,LOAIVE,TINHTRANG,TILE,SOGHE) values ('852','21',0,0,1,'34');
Insert into GON.VE (MAVE,MACB,LOAIVE,TINHTRANG,TILE,SOGHE) values ('853','21',0,0,1,'35');
Insert into GON.VE (MAVE,MACB,LOAIVE,TINHTRANG,TILE,SOGHE) values ('854','21',0,0,1,'36');
Insert into GON.VE (MAVE,MACB,LOAIVE,TINHTRANG,TILE,SOGHE) values ('855','21',0,0,1,'37');
Insert into GON.VE (MAVE,MACB,LOAIVE,TINHTRANG,TILE,SOGHE) values ('856','21',0,0,1,'38');
Insert into GON.VE (MAVE,MACB,LOAIVE,TINHTRANG,TILE,SOGHE) values ('857','21',0,0,1,'39');
Insert into GON.VE (MAVE,MACB,LOAIVE,TINHTRANG,TILE,SOGHE) values ('858','21',1,0,2,'40');
Insert into GON.VE (MAVE,MACB,LOAIVE,TINHTRANG,TILE,SOGHE) values ('859','21',1,0,2,'41');
Insert into GON.VE (MAVE,MACB,LOAIVE,TINHTRANG,TILE,SOGHE) values ('860','21',1,0,2,'42');
Insert into GON.VE (MAVE,MACB,LOAIVE,TINHTRANG,TILE,SOGHE) values ('861','21',1,0,2,'43');
Insert into GON.VE (MAVE,MACB,LOAIVE,TINHTRANG,TILE,SOGHE) values ('862','21',1,0,2,'44');
Insert into GON.VE (MAVE,MACB,LOAIVE,TINHTRANG,TILE,SOGHE) values ('863','21',1,0,2,'45');
Insert into GON.VE (MAVE,MACB,LOAIVE,TINHTRANG,TILE,SOGHE) values ('864','21',1,0,2,'46');
Insert into GON.VE (MAVE,MACB,LOAIVE,TINHTRANG,TILE,SOGHE) values ('865','21',1,0,2,'47');
Insert into GON.VE (MAVE,MACB,LOAIVE,TINHTRANG,TILE,SOGHE) values ('866','21',1,0,2,'48');
Insert into GON.VE (MAVE,MACB,LOAIVE,TINHTRANG,TILE,SOGHE) values ('867','21',1,0,2,'49');
Insert into GON.VE (MAVE,MACB,LOAIVE,TINHTRANG,TILE,SOGHE) values ('868','22',0,0,1,'0');
Insert into GON.VE (MAVE,MACB,LOAIVE,TINHTRANG,TILE,SOGHE) values ('872','22',0,0,1,'4');
Insert into GON.VE (MAVE,MACB,LOAIVE,TINHTRANG,TILE,SOGHE) values ('873','22',0,0,1,'5');
Insert into GON.VE (MAVE,MACB,LOAIVE,TINHTRANG,TILE,SOGHE) values ('874','22',0,0,1,'6');
Insert into GON.VE (MAVE,MACB,LOAIVE,TINHTRANG,TILE,SOGHE) values ('875','22',0,0,1,'7');
Insert into GON.VE (MAVE,MACB,LOAIVE,TINHTRANG,TILE,SOGHE) values ('876','22',0,0,1,'8');
Insert into GON.VE (MAVE,MACB,LOAIVE,TINHTRANG,TILE,SOGHE) values ('877','22',0,0,1,'9');
Insert into GON.VE (MAVE,MACB,LOAIVE,TINHTRANG,TILE,SOGHE) values ('878','22',0,0,1,'10');
Insert into GON.VE (MAVE,MACB,LOAIVE,TINHTRANG,TILE,SOGHE) values ('879','22',0,0,1,'11');
Insert into GON.VE (MAVE,MACB,LOAIVE,TINHTRANG,TILE,SOGHE) values ('880','22',0,0,1,'12');
Insert into GON.VE (MAVE,MACB,LOAIVE,TINHTRANG,TILE,SOGHE) values ('881','22',0,0,1,'13');
Insert into GON.VE (MAVE,MACB,LOAIVE,TINHTRANG,TILE,SOGHE) values ('882','22',0,0,1,'14');
Insert into GON.VE (MAVE,MACB,LOAIVE,TINHTRANG,TILE,SOGHE) values ('883','22',0,0,1,'15');
Insert into GON.VE (MAVE,MACB,LOAIVE,TINHTRANG,TILE,SOGHE) values ('884','22',0,0,1,'16');
Insert into GON.VE (MAVE,MACB,LOAIVE,TINHTRANG,TILE,SOGHE) values ('885','22',0,0,1,'17');
Insert into GON.VE (MAVE,MACB,LOAIVE,TINHTRANG,TILE,SOGHE) values ('886','22',0,0,1,'18');
Insert into GON.VE (MAVE,MACB,LOAIVE,TINHTRANG,TILE,SOGHE) values ('887','22',0,0,1,'19');
Insert into GON.VE (MAVE,MACB,LOAIVE,TINHTRANG,TILE,SOGHE) values ('888','22',0,0,1,'20');
Insert into GON.VE (MAVE,MACB,LOAIVE,TINHTRANG,TILE,SOGHE) values ('889','22',0,0,1,'21');
Insert into GON.VE (MAVE,MACB,LOAIVE,TINHTRANG,TILE,SOGHE) values ('890','22',0,0,1,'22');
Insert into GON.VE (MAVE,MACB,LOAIVE,TINHTRANG,TILE,SOGHE) values ('891','22',0,0,1,'23');
Insert into GON.VE (MAVE,MACB,LOAIVE,TINHTRANG,TILE,SOGHE) values ('892','22',0,0,1,'24');
Insert into GON.VE (MAVE,MACB,LOAIVE,TINHTRANG,TILE,SOGHE) values ('893','22',0,0,1,'25');
Insert into GON.VE (MAVE,MACB,LOAIVE,TINHTRANG,TILE,SOGHE) values ('894','22',0,0,1,'26');
Insert into GON.VE (MAVE,MACB,LOAIVE,TINHTRANG,TILE,SOGHE) values ('895','22',0,0,1,'27');
Insert into GON.VE (MAVE,MACB,LOAIVE,TINHTRANG,TILE,SOGHE) values ('896','22',0,0,1,'28');
Insert into GON.VE (MAVE,MACB,LOAIVE,TINHTRANG,TILE,SOGHE) values ('897','22',0,0,1,'29');
Insert into GON.VE (MAVE,MACB,LOAIVE,TINHTRANG,TILE,SOGHE) values ('898','22',0,0,1,'30');
Insert into GON.VE (MAVE,MACB,LOAIVE,TINHTRANG,TILE,SOGHE) values ('899','22',0,0,1,'31');
Insert into GON.VE (MAVE,MACB,LOAIVE,TINHTRANG,TILE,SOGHE) values ('900','22',0,0,1,'32');
Insert into GON.VE (MAVE,MACB,LOAIVE,TINHTRANG,TILE,SOGHE) values ('901','22',0,0,1,'33');
Insert into GON.VE (MAVE,MACB,LOAIVE,TINHTRANG,TILE,SOGHE) values ('902','22',0,0,1,'34');
Insert into GON.VE (MAVE,MACB,LOAIVE,TINHTRANG,TILE,SOGHE) values ('903','22',0,0,1,'35');
Insert into GON.VE (MAVE,MACB,LOAIVE,TINHTRANG,TILE,SOGHE) values ('904','22',0,0,1,'36');
Insert into GON.VE (MAVE,MACB,LOAIVE,TINHTRANG,TILE,SOGHE) values ('905','22',0,0,1,'37');
Insert into GON.VE (MAVE,MACB,LOAIVE,TINHTRANG,TILE,SOGHE) values ('906','22',0,0,1,'38');
Insert into GON.VE (MAVE,MACB,LOAIVE,TINHTRANG,TILE,SOGHE) values ('907','22',0,0,1,'39');
Insert into GON.VE (MAVE,MACB,LOAIVE,TINHTRANG,TILE,SOGHE) values ('908','22',1,0,2,'40');
Insert into GON.VE (MAVE,MACB,LOAIVE,TINHTRANG,TILE,SOGHE) values ('909','22',1,0,2,'41');
Insert into GON.VE (MAVE,MACB,LOAIVE,TINHTRANG,TILE,SOGHE) values ('910','22',1,0,2,'42');
Insert into GON.VE (MAVE,MACB,LOAIVE,TINHTRANG,TILE,SOGHE) values ('911','22',1,0,2,'43');
Insert into GON.VE (MAVE,MACB,LOAIVE,TINHTRANG,TILE,SOGHE) values ('912','22',1,0,2,'44');
Insert into GON.VE (MAVE,MACB,LOAIVE,TINHTRANG,TILE,SOGHE) values ('913','22',1,0,2,'45');
Insert into GON.VE (MAVE,MACB,LOAIVE,TINHTRANG,TILE,SOGHE) values ('914','22',1,0,2,'46');
Insert into GON.VE (MAVE,MACB,LOAIVE,TINHTRANG,TILE,SOGHE) values ('915','22',1,0,2,'47');
Insert into GON.VE (MAVE,MACB,LOAIVE,TINHTRANG,TILE,SOGHE) values ('916','22',1,0,2,'48');
Insert into GON.VE (MAVE,MACB,LOAIVE,TINHTRANG,TILE,SOGHE) values ('917','22',1,0,2,'49');
Insert into GON.VE (MAVE,MACB,LOAIVE,TINHTRANG,TILE,SOGHE) values ('918',null,0,0,1,'0');
Insert into GON.VE (MAVE,MACB,LOAIVE,TINHTRANG,TILE,SOGHE) values ('919',null,0,0,1,'1');
Insert into GON.VE (MAVE,MACB,LOAIVE,TINHTRANG,TILE,SOGHE) values ('920',null,0,0,1,'2');
Insert into GON.VE (MAVE,MACB,LOAIVE,TINHTRANG,TILE,SOGHE) values ('921',null,0,0,1,'3');
Insert into GON.VE (MAVE,MACB,LOAIVE,TINHTRANG,TILE,SOGHE) values ('922',null,0,0,1,'4');
Insert into GON.VE (MAVE,MACB,LOAIVE,TINHTRANG,TILE,SOGHE) values ('923',null,0,0,1,'5');
Insert into GON.VE (MAVE,MACB,LOAIVE,TINHTRANG,TILE,SOGHE) values ('924',null,0,0,1,'6');
Insert into GON.VE (MAVE,MACB,LOAIVE,TINHTRANG,TILE,SOGHE) values ('925',null,0,0,1,'7');
Insert into GON.VE (MAVE,MACB,LOAIVE,TINHTRANG,TILE,SOGHE) values ('926',null,0,0,1,'8');
Insert into GON.VE (MAVE,MACB,LOAIVE,TINHTRANG,TILE,SOGHE) values ('927',null,0,0,1,'9');
Insert into GON.VE (MAVE,MACB,LOAIVE,TINHTRANG,TILE,SOGHE) values ('928',null,0,0,1,'10');
Insert into GON.VE (MAVE,MACB,LOAIVE,TINHTRANG,TILE,SOGHE) values ('929',null,0,0,1,'11');
Insert into GON.VE (MAVE,MACB,LOAIVE,TINHTRANG,TILE,SOGHE) values ('930',null,0,0,1,'12');
Insert into GON.VE (MAVE,MACB,LOAIVE,TINHTRANG,TILE,SOGHE) values ('931',null,0,0,1,'13');
Insert into GON.VE (MAVE,MACB,LOAIVE,TINHTRANG,TILE,SOGHE) values ('932',null,0,0,1,'14');
Insert into GON.VE (MAVE,MACB,LOAIVE,TINHTRANG,TILE,SOGHE) values ('933',null,0,0,1,'15');
Insert into GON.VE (MAVE,MACB,LOAIVE,TINHTRANG,TILE,SOGHE) values ('934',null,0,0,1,'16');
Insert into GON.VE (MAVE,MACB,LOAIVE,TINHTRANG,TILE,SOGHE) values ('935',null,0,0,1,'17');
Insert into GON.VE (MAVE,MACB,LOAIVE,TINHTRANG,TILE,SOGHE) values ('936',null,0,0,1,'18');
Insert into GON.VE (MAVE,MACB,LOAIVE,TINHTRANG,TILE,SOGHE) values ('937',null,0,0,1,'19');
Insert into GON.VE (MAVE,MACB,LOAIVE,TINHTRANG,TILE,SOGHE) values ('938',null,0,0,1,'20');
Insert into GON.VE (MAVE,MACB,LOAIVE,TINHTRANG,TILE,SOGHE) values ('939',null,0,0,1,'21');
Insert into GON.VE (MAVE,MACB,LOAIVE,TINHTRANG,TILE,SOGHE) values ('940',null,0,0,1,'22');
Insert into GON.VE (MAVE,MACB,LOAIVE,TINHTRANG,TILE,SOGHE) values ('941',null,0,0,1,'23');
Insert into GON.VE (MAVE,MACB,LOAIVE,TINHTRANG,TILE,SOGHE) values ('942',null,0,0,1,'24');
Insert into GON.VE (MAVE,MACB,LOAIVE,TINHTRANG,TILE,SOGHE) values ('943',null,0,0,1,'25');
Insert into GON.VE (MAVE,MACB,LOAIVE,TINHTRANG,TILE,SOGHE) values ('944',null,0,0,1,'26');
Insert into GON.VE (MAVE,MACB,LOAIVE,TINHTRANG,TILE,SOGHE) values ('945',null,0,0,1,'27');
Insert into GON.VE (MAVE,MACB,LOAIVE,TINHTRANG,TILE,SOGHE) values ('946',null,0,0,1,'28');
Insert into GON.VE (MAVE,MACB,LOAIVE,TINHTRANG,TILE,SOGHE) values ('947',null,0,0,1,'29');
Insert into GON.VE (MAVE,MACB,LOAIVE,TINHTRANG,TILE,SOGHE) values ('948',null,0,0,1,'30');
Insert into GON.VE (MAVE,MACB,LOAIVE,TINHTRANG,TILE,SOGHE) values ('949',null,0,0,1,'31');
Insert into GON.VE (MAVE,MACB,LOAIVE,TINHTRANG,TILE,SOGHE) values ('950',null,0,0,1,'32');
Insert into GON.VE (MAVE,MACB,LOAIVE,TINHTRANG,TILE,SOGHE) values ('951',null,0,0,1,'33');
Insert into GON.VE (MAVE,MACB,LOAIVE,TINHTRANG,TILE,SOGHE) values ('952',null,0,0,1,'34');
Insert into GON.VE (MAVE,MACB,LOAIVE,TINHTRANG,TILE,SOGHE) values ('953',null,0,0,1,'35');
Insert into GON.VE (MAVE,MACB,LOAIVE,TINHTRANG,TILE,SOGHE) values ('954',null,0,0,1,'36');
Insert into GON.VE (MAVE,MACB,LOAIVE,TINHTRANG,TILE,SOGHE) values ('955',null,0,0,1,'37');
Insert into GON.VE (MAVE,MACB,LOAIVE,TINHTRANG,TILE,SOGHE) values ('956',null,0,0,1,'38');
Insert into GON.VE (MAVE,MACB,LOAIVE,TINHTRANG,TILE,SOGHE) values ('957',null,0,0,1,'39');
Insert into GON.VE (MAVE,MACB,LOAIVE,TINHTRANG,TILE,SOGHE) values ('958',null,1,0,2,'40');
Insert into GON.VE (MAVE,MACB,LOAIVE,TINHTRANG,TILE,SOGHE) values ('959',null,1,0,2,'41');
Insert into GON.VE (MAVE,MACB,LOAIVE,TINHTRANG,TILE,SOGHE) values ('960',null,1,0,2,'42');
Insert into GON.VE (MAVE,MACB,LOAIVE,TINHTRANG,TILE,SOGHE) values ('961',null,1,0,2,'43');
Insert into GON.VE (MAVE,MACB,LOAIVE,TINHTRANG,TILE,SOGHE) values ('962',null,1,0,2,'44');
Insert into GON.VE (MAVE,MACB,LOAIVE,TINHTRANG,TILE,SOGHE) values ('963',null,1,0,2,'45');
Insert into GON.VE (MAVE,MACB,LOAIVE,TINHTRANG,TILE,SOGHE) values ('964',null,1,0,2,'46');
Insert into GON.VE (MAVE,MACB,LOAIVE,TINHTRANG,TILE,SOGHE) values ('965',null,1,0,2,'47');
Insert into GON.VE (MAVE,MACB,LOAIVE,TINHTRANG,TILE,SOGHE) values ('966',null,1,0,2,'48');
Insert into GON.VE (MAVE,MACB,LOAIVE,TINHTRANG,TILE,SOGHE) values ('967',null,1,0,2,'49');
Insert into GON.VE (MAVE,MACB,LOAIVE,TINHTRANG,TILE,SOGHE) values ('968','24',0,0,1,'0');
Insert into GON.VE (MAVE,MACB,LOAIVE,TINHTRANG,TILE,SOGHE) values ('969','24',0,0,1,'1');
Insert into GON.VE (MAVE,MACB,LOAIVE,TINHTRANG,TILE,SOGHE) values ('970','24',0,0,1,'2');
Insert into GON.VE (MAVE,MACB,LOAIVE,TINHTRANG,TILE,SOGHE) values ('971','24',0,0,1,'3');
Insert into GON.VE (MAVE,MACB,LOAIVE,TINHTRANG,TILE,SOGHE) values ('972','24',0,0,1,'4');
Insert into GON.VE (MAVE,MACB,LOAIVE,TINHTRANG,TILE,SOGHE) values ('973','24',0,0,1,'5');
Insert into GON.VE (MAVE,MACB,LOAIVE,TINHTRANG,TILE,SOGHE) values ('974','24',0,0,1,'6');
Insert into GON.VE (MAVE,MACB,LOAIVE,TINHTRANG,TILE,SOGHE) values ('975','24',0,0,1,'7');
Insert into GON.VE (MAVE,MACB,LOAIVE,TINHTRANG,TILE,SOGHE) values ('976','24',0,0,1,'8');
Insert into GON.VE (MAVE,MACB,LOAIVE,TINHTRANG,TILE,SOGHE) values ('977','24',0,0,1,'9');
Insert into GON.VE (MAVE,MACB,LOAIVE,TINHTRANG,TILE,SOGHE) values ('978','24',0,0,1,'10');
Insert into GON.VE (MAVE,MACB,LOAIVE,TINHTRANG,TILE,SOGHE) values ('979','24',0,0,1,'11');
Insert into GON.VE (MAVE,MACB,LOAIVE,TINHTRANG,TILE,SOGHE) values ('980','24',0,0,1,'12');
Insert into GON.VE (MAVE,MACB,LOAIVE,TINHTRANG,TILE,SOGHE) values ('981','24',0,0,1,'13');
Insert into GON.VE (MAVE,MACB,LOAIVE,TINHTRANG,TILE,SOGHE) values ('982','24',0,0,1,'14');
Insert into GON.VE (MAVE,MACB,LOAIVE,TINHTRANG,TILE,SOGHE) values ('983','24',0,0,1,'15');
Insert into GON.VE (MAVE,MACB,LOAIVE,TINHTRANG,TILE,SOGHE) values ('984','24',0,0,1,'16');
Insert into GON.VE (MAVE,MACB,LOAIVE,TINHTRANG,TILE,SOGHE) values ('985','24',0,0,1,'17');
Insert into GON.VE (MAVE,MACB,LOAIVE,TINHTRANG,TILE,SOGHE) values ('986','24',0,0,1,'18');
Insert into GON.VE (MAVE,MACB,LOAIVE,TINHTRANG,TILE,SOGHE) values ('987','24',0,0,1,'19');
Insert into GON.VE (MAVE,MACB,LOAIVE,TINHTRANG,TILE,SOGHE) values ('988','24',0,0,1,'20');
Insert into GON.VE (MAVE,MACB,LOAIVE,TINHTRANG,TILE,SOGHE) values ('989','24',0,0,1,'21');
Insert into GON.VE (MAVE,MACB,LOAIVE,TINHTRANG,TILE,SOGHE) values ('990','24',0,0,1,'22');
Insert into GON.VE (MAVE,MACB,LOAIVE,TINHTRANG,TILE,SOGHE) values ('991','24',0,0,1,'23');
Insert into GON.VE (MAVE,MACB,LOAIVE,TINHTRANG,TILE,SOGHE) values ('992','24',0,0,1,'24');
Insert into GON.VE (MAVE,MACB,LOAIVE,TINHTRANG,TILE,SOGHE) values ('993','24',0,0,1,'25');
Insert into GON.VE (MAVE,MACB,LOAIVE,TINHTRANG,TILE,SOGHE) values ('994','24',0,0,1,'26');
Insert into GON.VE (MAVE,MACB,LOAIVE,TINHTRANG,TILE,SOGHE) values ('995','24',0,0,1,'27');
Insert into GON.VE (MAVE,MACB,LOAIVE,TINHTRANG,TILE,SOGHE) values ('996','24',0,0,1,'28');
Insert into GON.VE (MAVE,MACB,LOAIVE,TINHTRANG,TILE,SOGHE) values ('997','24',0,0,1,'29');
Insert into GON.VE (MAVE,MACB,LOAIVE,TINHTRANG,TILE,SOGHE) values ('998','24',0,0,1,'30');
Insert into GON.VE (MAVE,MACB,LOAIVE,TINHTRANG,TILE,SOGHE) values ('999','24',0,0,1,'31');
Insert into GON.VE (MAVE,MACB,LOAIVE,TINHTRANG,TILE,SOGHE) values ('1000','24',0,0,1,'32');
Insert into GON.VE (MAVE,MACB,LOAIVE,TINHTRANG,TILE,SOGHE) values ('1001','24',0,0,1,'33');
Insert into GON.VE (MAVE,MACB,LOAIVE,TINHTRANG,TILE,SOGHE) values ('1002','24',0,0,1,'34');
Insert into GON.VE (MAVE,MACB,LOAIVE,TINHTRANG,TILE,SOGHE) values ('1003','24',0,0,1,'35');
Insert into GON.VE (MAVE,MACB,LOAIVE,TINHTRANG,TILE,SOGHE) values ('1004','24',0,0,1,'36');
Insert into GON.VE (MAVE,MACB,LOAIVE,TINHTRANG,TILE,SOGHE) values ('1005','24',0,0,1,'37');
Insert into GON.VE (MAVE,MACB,LOAIVE,TINHTRANG,TILE,SOGHE) values ('1006','24',0,0,1,'38');
Insert into GON.VE (MAVE,MACB,LOAIVE,TINHTRANG,TILE,SOGHE) values ('1007','24',0,0,1,'39');
Insert into GON.VE (MAVE,MACB,LOAIVE,TINHTRANG,TILE,SOGHE) values ('1008','24',1,0,2,'40');
Insert into GON.VE (MAVE,MACB,LOAIVE,TINHTRANG,TILE,SOGHE) values ('1009','24',1,0,2,'41');
Insert into GON.VE (MAVE,MACB,LOAIVE,TINHTRANG,TILE,SOGHE) values ('1010','24',1,0,2,'42');
Insert into GON.VE (MAVE,MACB,LOAIVE,TINHTRANG,TILE,SOGHE) values ('1011','24',1,0,2,'43');
Insert into GON.VE (MAVE,MACB,LOAIVE,TINHTRANG,TILE,SOGHE) values ('1012','24',1,0,2,'44');
Insert into GON.VE (MAVE,MACB,LOAIVE,TINHTRANG,TILE,SOGHE) values ('1013','24',1,0,2,'45');
Insert into GON.VE (MAVE,MACB,LOAIVE,TINHTRANG,TILE,SOGHE) values ('1014','24',1,0,2,'46');
Insert into GON.VE (MAVE,MACB,LOAIVE,TINHTRANG,TILE,SOGHE) values ('1015','24',1,0,2,'47');
Insert into GON.VE (MAVE,MACB,LOAIVE,TINHTRANG,TILE,SOGHE) values ('1016','24',1,0,2,'48');
Insert into GON.VE (MAVE,MACB,LOAIVE,TINHTRANG,TILE,SOGHE) values ('1017','24',1,0,2,'49');
Insert into GON.VE (MAVE,MACB,LOAIVE,TINHTRANG,TILE,SOGHE) values ('1018','25',0,0,1,'0');
Insert into GON.VE (MAVE,MACB,LOAIVE,TINHTRANG,TILE,SOGHE) values ('1019','25',0,0,1,'1');
Insert into GON.VE (MAVE,MACB,LOAIVE,TINHTRANG,TILE,SOGHE) values ('1020','25',0,0,1,'2');
Insert into GON.VE (MAVE,MACB,LOAIVE,TINHTRANG,TILE,SOGHE) values ('1021','25',0,0,1,'3');
Insert into GON.VE (MAVE,MACB,LOAIVE,TINHTRANG,TILE,SOGHE) values ('1022','25',0,0,1,'4');
Insert into GON.VE (MAVE,MACB,LOAIVE,TINHTRANG,TILE,SOGHE) values ('1023','25',0,0,1,'5');
Insert into GON.VE (MAVE,MACB,LOAIVE,TINHTRANG,TILE,SOGHE) values ('1024','25',0,0,1,'6');
Insert into GON.VE (MAVE,MACB,LOAIVE,TINHTRANG,TILE,SOGHE) values ('1025','25',0,0,1,'7');
Insert into GON.VE (MAVE,MACB,LOAIVE,TINHTRANG,TILE,SOGHE) values ('1026','25',0,0,1,'8');
Insert into GON.VE (MAVE,MACB,LOAIVE,TINHTRANG,TILE,SOGHE) values ('1027','25',0,0,1,'9');
Insert into GON.VE (MAVE,MACB,LOAIVE,TINHTRANG,TILE,SOGHE) values ('1028','25',0,0,1,'10');
Insert into GON.VE (MAVE,MACB,LOAIVE,TINHTRANG,TILE,SOGHE) values ('1029','25',0,0,1,'11');
Insert into GON.VE (MAVE,MACB,LOAIVE,TINHTRANG,TILE,SOGHE) values ('1030','25',0,0,1,'12');
Insert into GON.VE (MAVE,MACB,LOAIVE,TINHTRANG,TILE,SOGHE) values ('1031','25',0,0,1,'13');
Insert into GON.VE (MAVE,MACB,LOAIVE,TINHTRANG,TILE,SOGHE) values ('1032','25',0,0,1,'14');
Insert into GON.VE (MAVE,MACB,LOAIVE,TINHTRANG,TILE,SOGHE) values ('1033','25',0,0,1,'15');
Insert into GON.VE (MAVE,MACB,LOAIVE,TINHTRANG,TILE,SOGHE) values ('1034','25',0,0,1,'16');
Insert into GON.VE (MAVE,MACB,LOAIVE,TINHTRANG,TILE,SOGHE) values ('1035','25',0,0,1,'17');
Insert into GON.VE (MAVE,MACB,LOAIVE,TINHTRANG,TILE,SOGHE) values ('1036','25',0,0,1,'18');
Insert into GON.VE (MAVE,MACB,LOAIVE,TINHTRANG,TILE,SOGHE) values ('1037','25',0,0,1,'19');
Insert into GON.VE (MAVE,MACB,LOAIVE,TINHTRANG,TILE,SOGHE) values ('1038','25',0,0,1,'20');
Insert into GON.VE (MAVE,MACB,LOAIVE,TINHTRANG,TILE,SOGHE) values ('1039','25',0,0,1,'21');
Insert into GON.VE (MAVE,MACB,LOAIVE,TINHTRANG,TILE,SOGHE) values ('1040','25',0,0,1,'22');
Insert into GON.VE (MAVE,MACB,LOAIVE,TINHTRANG,TILE,SOGHE) values ('1041','25',0,0,1,'23');
Insert into GON.VE (MAVE,MACB,LOAIVE,TINHTRANG,TILE,SOGHE) values ('1042','25',0,0,1,'24');
Insert into GON.VE (MAVE,MACB,LOAIVE,TINHTRANG,TILE,SOGHE) values ('1043','25',0,0,1,'25');
Insert into GON.VE (MAVE,MACB,LOAIVE,TINHTRANG,TILE,SOGHE) values ('1044','25',0,0,1,'26');
Insert into GON.VE (MAVE,MACB,LOAIVE,TINHTRANG,TILE,SOGHE) values ('1045','25',0,0,1,'27');
Insert into GON.VE (MAVE,MACB,LOAIVE,TINHTRANG,TILE,SOGHE) values ('1046','25',0,0,1,'28');
Insert into GON.VE (MAVE,MACB,LOAIVE,TINHTRANG,TILE,SOGHE) values ('1047','25',0,0,1,'29');
Insert into GON.VE (MAVE,MACB,LOAIVE,TINHTRANG,TILE,SOGHE) values ('1048','25',0,0,1,'30');
Insert into GON.VE (MAVE,MACB,LOAIVE,TINHTRANG,TILE,SOGHE) values ('1049','25',0,0,1,'31');
Insert into GON.VE (MAVE,MACB,LOAIVE,TINHTRANG,TILE,SOGHE) values ('1050','25',0,0,1,'32');
Insert into GON.VE (MAVE,MACB,LOAIVE,TINHTRANG,TILE,SOGHE) values ('1051','25',0,0,1,'33');
Insert into GON.VE (MAVE,MACB,LOAIVE,TINHTRANG,TILE,SOGHE) values ('1052','25',0,0,1,'34');
Insert into GON.VE (MAVE,MACB,LOAIVE,TINHTRANG,TILE,SOGHE) values ('1053','25',0,0,1,'35');
Insert into GON.VE (MAVE,MACB,LOAIVE,TINHTRANG,TILE,SOGHE) values ('1054','25',0,0,1,'36');
Insert into GON.VE (MAVE,MACB,LOAIVE,TINHTRANG,TILE,SOGHE) values ('1055','25',0,0,1,'37');
Insert into GON.VE (MAVE,MACB,LOAIVE,TINHTRANG,TILE,SOGHE) values ('1056','25',0,0,1,'38');
Insert into GON.VE (MAVE,MACB,LOAIVE,TINHTRANG,TILE,SOGHE) values ('1057','25',0,0,1,'39');
Insert into GON.VE (MAVE,MACB,LOAIVE,TINHTRANG,TILE,SOGHE) values ('1058','25',1,0,2,'40');
Insert into GON.VE (MAVE,MACB,LOAIVE,TINHTRANG,TILE,SOGHE) values ('1059','25',1,0,2,'41');
Insert into GON.VE (MAVE,MACB,LOAIVE,TINHTRANG,TILE,SOGHE) values ('1060','25',1,0,2,'42');
Insert into GON.VE (MAVE,MACB,LOAIVE,TINHTRANG,TILE,SOGHE) values ('1061','25',1,0,2,'43');
Insert into GON.VE (MAVE,MACB,LOAIVE,TINHTRANG,TILE,SOGHE) values ('1062','25',1,0,2,'44');
Insert into GON.VE (MAVE,MACB,LOAIVE,TINHTRANG,TILE,SOGHE) values ('1063','25',1,0,2,'45');
Insert into GON.VE (MAVE,MACB,LOAIVE,TINHTRANG,TILE,SOGHE) values ('1064','25',1,0,2,'46');
Insert into GON.VE (MAVE,MACB,LOAIVE,TINHTRANG,TILE,SOGHE) values ('1065','25',1,0,2,'47');
Insert into GON.VE (MAVE,MACB,LOAIVE,TINHTRANG,TILE,SOGHE) values ('1066','25',1,0,2,'48');
Insert into GON.VE (MAVE,MACB,LOAIVE,TINHTRANG,TILE,SOGHE) values ('1067','25',1,0,2,'49');
Insert into GON.VE (MAVE,MACB,LOAIVE,TINHTRANG,TILE,SOGHE) values ('1119','27',0,0,1,'1');
Insert into GON.VE (MAVE,MACB,LOAIVE,TINHTRANG,TILE,SOGHE) values ('1120','27',0,0,1,'2');
Insert into GON.VE (MAVE,MACB,LOAIVE,TINHTRANG,TILE,SOGHE) values ('1121','27',0,0,1,'3');
Insert into GON.VE (MAVE,MACB,LOAIVE,TINHTRANG,TILE,SOGHE) values ('1122','27',0,0,1,'4');
Insert into GON.VE (MAVE,MACB,LOAIVE,TINHTRANG,TILE,SOGHE) values ('1123','27',0,0,1,'5');
Insert into GON.VE (MAVE,MACB,LOAIVE,TINHTRANG,TILE,SOGHE) values ('1124','27',0,0,1,'6');
Insert into GON.VE (MAVE,MACB,LOAIVE,TINHTRANG,TILE,SOGHE) values ('1125','27',0,0,1,'7');
Insert into GON.VE (MAVE,MACB,LOAIVE,TINHTRANG,TILE,SOGHE) values ('1126','27',0,0,1,'8');
Insert into GON.VE (MAVE,MACB,LOAIVE,TINHTRANG,TILE,SOGHE) values ('1127','27',0,0,1,'9');
Insert into GON.VE (MAVE,MACB,LOAIVE,TINHTRANG,TILE,SOGHE) values ('12',null,0,0,1,null);
Insert into GON.VE (MAVE,MACB,LOAIVE,TINHTRANG,TILE,SOGHE) values ('1068','26',0,0,1,'0');
Insert into GON.VE (MAVE,MACB,LOAIVE,TINHTRANG,TILE,SOGHE) values ('1069','26',0,0,1,'1');
Insert into GON.VE (MAVE,MACB,LOAIVE,TINHTRANG,TILE,SOGHE) values ('1070','26',0,0,1,'2');
Insert into GON.VE (MAVE,MACB,LOAIVE,TINHTRANG,TILE,SOGHE) values ('1071','26',0,0,1,'3');
Insert into GON.VE (MAVE,MACB,LOAIVE,TINHTRANG,TILE,SOGHE) values ('1072','26',0,0,1,'4');
Insert into GON.VE (MAVE,MACB,LOAIVE,TINHTRANG,TILE,SOGHE) values ('1073','26',0,0,1,'5');
Insert into GON.VE (MAVE,MACB,LOAIVE,TINHTRANG,TILE,SOGHE) values ('1074','26',0,0,1,'6');
Insert into GON.VE (MAVE,MACB,LOAIVE,TINHTRANG,TILE,SOGHE) values ('1075','26',0,0,1,'7');
Insert into GON.VE (MAVE,MACB,LOAIVE,TINHTRANG,TILE,SOGHE) values ('1076','26',0,0,1,'8');
Insert into GON.VE (MAVE,MACB,LOAIVE,TINHTRANG,TILE,SOGHE) values ('1077','26',0,0,1,'9');
Insert into GON.VE (MAVE,MACB,LOAIVE,TINHTRANG,TILE,SOGHE) values ('1078','26',0,0,1,'10');
Insert into GON.VE (MAVE,MACB,LOAIVE,TINHTRANG,TILE,SOGHE) values ('1079','26',0,0,1,'11');
Insert into GON.VE (MAVE,MACB,LOAIVE,TINHTRANG,TILE,SOGHE) values ('1080','26',0,0,1,'12');
Insert into GON.VE (MAVE,MACB,LOAIVE,TINHTRANG,TILE,SOGHE) values ('1081','26',0,0,1,'13');
Insert into GON.VE (MAVE,MACB,LOAIVE,TINHTRANG,TILE,SOGHE) values ('1082','26',0,0,1,'14');
Insert into GON.VE (MAVE,MACB,LOAIVE,TINHTRANG,TILE,SOGHE) values ('1083','26',0,0,1,'15');
Insert into GON.VE (MAVE,MACB,LOAIVE,TINHTRANG,TILE,SOGHE) values ('1084','26',0,0,1,'16');
Insert into GON.VE (MAVE,MACB,LOAIVE,TINHTRANG,TILE,SOGHE) values ('1085','26',0,0,1,'17');
Insert into GON.VE (MAVE,MACB,LOAIVE,TINHTRANG,TILE,SOGHE) values ('1086','26',0,0,1,'18');
Insert into GON.VE (MAVE,MACB,LOAIVE,TINHTRANG,TILE,SOGHE) values ('1087','26',0,0,1,'19');
Insert into GON.VE (MAVE,MACB,LOAIVE,TINHTRANG,TILE,SOGHE) values ('1088','26',0,0,1,'20');
Insert into GON.VE (MAVE,MACB,LOAIVE,TINHTRANG,TILE,SOGHE) values ('1089','26',0,0,1,'21');
Insert into GON.VE (MAVE,MACB,LOAIVE,TINHTRANG,TILE,SOGHE) values ('1090','26',0,0,1,'22');
Insert into GON.VE (MAVE,MACB,LOAIVE,TINHTRANG,TILE,SOGHE) values ('1091','26',0,0,1,'23');
Insert into GON.VE (MAVE,MACB,LOAIVE,TINHTRANG,TILE,SOGHE) values ('1092','26',0,0,1,'24');
Insert into GON.VE (MAVE,MACB,LOAIVE,TINHTRANG,TILE,SOGHE) values ('1093','26',0,0,1,'25');
Insert into GON.VE (MAVE,MACB,LOAIVE,TINHTRANG,TILE,SOGHE) values ('1094','26',0,0,1,'26');
Insert into GON.VE (MAVE,MACB,LOAIVE,TINHTRANG,TILE,SOGHE) values ('1095','26',0,0,1,'27');
Insert into GON.VE (MAVE,MACB,LOAIVE,TINHTRANG,TILE,SOGHE) values ('1096','26',0,0,1,'28');
Insert into GON.VE (MAVE,MACB,LOAIVE,TINHTRANG,TILE,SOGHE) values ('1097','26',0,0,1,'29');
Insert into GON.VE (MAVE,MACB,LOAIVE,TINHTRANG,TILE,SOGHE) values ('1098','26',0,0,1,'30');
Insert into GON.VE (MAVE,MACB,LOAIVE,TINHTRANG,TILE,SOGHE) values ('1099','26',0,0,1,'31');
Insert into GON.VE (MAVE,MACB,LOAIVE,TINHTRANG,TILE,SOGHE) values ('1100','26',0,0,1,'32');
Insert into GON.VE (MAVE,MACB,LOAIVE,TINHTRANG,TILE,SOGHE) values ('1101','26',0,0,1,'33');
Insert into GON.VE (MAVE,MACB,LOAIVE,TINHTRANG,TILE,SOGHE) values ('1102','26',0,0,1,'34');
Insert into GON.VE (MAVE,MACB,LOAIVE,TINHTRANG,TILE,SOGHE) values ('1103','26',0,0,1,'35');
Insert into GON.VE (MAVE,MACB,LOAIVE,TINHTRANG,TILE,SOGHE) values ('1104','26',0,0,1,'36');
Insert into GON.VE (MAVE,MACB,LOAIVE,TINHTRANG,TILE,SOGHE) values ('1105','26',0,0,1,'37');
Insert into GON.VE (MAVE,MACB,LOAIVE,TINHTRANG,TILE,SOGHE) values ('1106','26',0,0,1,'38');
Insert into GON.VE (MAVE,MACB,LOAIVE,TINHTRANG,TILE,SOGHE) values ('1107','26',0,0,1,'39');
Insert into GON.VE (MAVE,MACB,LOAIVE,TINHTRANG,TILE,SOGHE) values ('1108','26',1,0,2,'40');
Insert into GON.VE (MAVE,MACB,LOAIVE,TINHTRANG,TILE,SOGHE) values ('1109','26',1,0,2,'41');
Insert into GON.VE (MAVE,MACB,LOAIVE,TINHTRANG,TILE,SOGHE) values ('1110','26',1,0,2,'42');
Insert into GON.VE (MAVE,MACB,LOAIVE,TINHTRANG,TILE,SOGHE) values ('1111','26',1,0,2,'43');
Insert into GON.VE (MAVE,MACB,LOAIVE,TINHTRANG,TILE,SOGHE) values ('1112','26',1,0,2,'44');
Insert into GON.VE (MAVE,MACB,LOAIVE,TINHTRANG,TILE,SOGHE) values ('1113','26',1,0,2,'45');
Insert into GON.VE (MAVE,MACB,LOAIVE,TINHTRANG,TILE,SOGHE) values ('1114','26',1,0,2,'46');
Insert into GON.VE (MAVE,MACB,LOAIVE,TINHTRANG,TILE,SOGHE) values ('1115','26',1,0,2,'47');
Insert into GON.VE (MAVE,MACB,LOAIVE,TINHTRANG,TILE,SOGHE) values ('1116','26',1,0,2,'48');
Insert into GON.VE (MAVE,MACB,LOAIVE,TINHTRANG,TILE,SOGHE) values ('1117','26',1,0,2,'49');
Insert into GON.VE (MAVE,MACB,LOAIVE,TINHTRANG,TILE,SOGHE) values ('1118','27',0,0,1,'0');
Insert into GON.VE (MAVE,MACB,LOAIVE,TINHTRANG,TILE,SOGHE) values ('1128','27',0,0,1,'10');
Insert into GON.VE (MAVE,MACB,LOAIVE,TINHTRANG,TILE,SOGHE) values ('1129','27',0,0,1,'11');
Insert into GON.VE (MAVE,MACB,LOAIVE,TINHTRANG,TILE,SOGHE) values ('1130','27',0,0,1,'12');
Insert into GON.VE (MAVE,MACB,LOAIVE,TINHTRANG,TILE,SOGHE) values ('1131','27',0,0,1,'13');
Insert into GON.VE (MAVE,MACB,LOAIVE,TINHTRANG,TILE,SOGHE) values ('1132','27',0,0,1,'14');
Insert into GON.VE (MAVE,MACB,LOAIVE,TINHTRANG,TILE,SOGHE) values ('1133','27',0,0,1,'15');
Insert into GON.VE (MAVE,MACB,LOAIVE,TINHTRANG,TILE,SOGHE) values ('1134','27',0,0,1,'16');
Insert into GON.VE (MAVE,MACB,LOAIVE,TINHTRANG,TILE,SOGHE) values ('1135','27',0,0,1,'17');
Insert into GON.VE (MAVE,MACB,LOAIVE,TINHTRANG,TILE,SOGHE) values ('1136','27',0,0,1,'18');
Insert into GON.VE (MAVE,MACB,LOAIVE,TINHTRANG,TILE,SOGHE) values ('1137','27',0,0,1,'19');
Insert into GON.VE (MAVE,MACB,LOAIVE,TINHTRANG,TILE,SOGHE) values ('1138','27',0,0,1,'20');
Insert into GON.VE (MAVE,MACB,LOAIVE,TINHTRANG,TILE,SOGHE) values ('1139','27',0,0,1,'21');
Insert into GON.VE (MAVE,MACB,LOAIVE,TINHTRANG,TILE,SOGHE) values ('1140','27',0,0,1,'22');
Insert into GON.VE (MAVE,MACB,LOAIVE,TINHTRANG,TILE,SOGHE) values ('1141','27',0,0,1,'23');
Insert into GON.VE (MAVE,MACB,LOAIVE,TINHTRANG,TILE,SOGHE) values ('1142','27',0,0,1,'24');
Insert into GON.VE (MAVE,MACB,LOAIVE,TINHTRANG,TILE,SOGHE) values ('1143','27',0,0,1,'25');
Insert into GON.VE (MAVE,MACB,LOAIVE,TINHTRANG,TILE,SOGHE) values ('1144','27',0,0,1,'26');
Insert into GON.VE (MAVE,MACB,LOAIVE,TINHTRANG,TILE,SOGHE) values ('1145','27',0,0,1,'27');
Insert into GON.VE (MAVE,MACB,LOAIVE,TINHTRANG,TILE,SOGHE) values ('1146','27',0,0,1,'28');
Insert into GON.VE (MAVE,MACB,LOAIVE,TINHTRANG,TILE,SOGHE) values ('1147','27',0,0,1,'29');
Insert into GON.VE (MAVE,MACB,LOAIVE,TINHTRANG,TILE,SOGHE) values ('1148','27',0,0,1,'30');
Insert into GON.VE (MAVE,MACB,LOAIVE,TINHTRANG,TILE,SOGHE) values ('1149','27',0,0,1,'31');
Insert into GON.VE (MAVE,MACB,LOAIVE,TINHTRANG,TILE,SOGHE) values ('1150','27',0,0,1,'32');
Insert into GON.VE (MAVE,MACB,LOAIVE,TINHTRANG,TILE,SOGHE) values ('1151','27',0,0,1,'33');
Insert into GON.VE (MAVE,MACB,LOAIVE,TINHTRANG,TILE,SOGHE) values ('1152','27',0,0,1,'34');
Insert into GON.VE (MAVE,MACB,LOAIVE,TINHTRANG,TILE,SOGHE) values ('1153','27',0,0,1,'35');
Insert into GON.VE (MAVE,MACB,LOAIVE,TINHTRANG,TILE,SOGHE) values ('1154','27',0,0,1,'36');
Insert into GON.VE (MAVE,MACB,LOAIVE,TINHTRANG,TILE,SOGHE) values ('1155','27',0,0,1,'37');
Insert into GON.VE (MAVE,MACB,LOAIVE,TINHTRANG,TILE,SOGHE) values ('1156','27',0,0,1,'38');
Insert into GON.VE (MAVE,MACB,LOAIVE,TINHTRANG,TILE,SOGHE) values ('1157','27',0,0,1,'39');
Insert into GON.VE (MAVE,MACB,LOAIVE,TINHTRANG,TILE,SOGHE) values ('1158','27',1,0,2,'40');
Insert into GON.VE (MAVE,MACB,LOAIVE,TINHTRANG,TILE,SOGHE) values ('1159','27',1,0,2,'41');
Insert into GON.VE (MAVE,MACB,LOAIVE,TINHTRANG,TILE,SOGHE) values ('1160','27',1,0,2,'42');
Insert into GON.VE (MAVE,MACB,LOAIVE,TINHTRANG,TILE,SOGHE) values ('1161','27',1,0,2,'43');
Insert into GON.VE (MAVE,MACB,LOAIVE,TINHTRANG,TILE,SOGHE) values ('1162','27',1,0,2,'44');
Insert into GON.VE (MAVE,MACB,LOAIVE,TINHTRANG,TILE,SOGHE) values ('1163','27',1,0,2,'45');
Insert into GON.VE (MAVE,MACB,LOAIVE,TINHTRANG,TILE,SOGHE) values ('1164','27',1,0,2,'46');
Insert into GON.VE (MAVE,MACB,LOAIVE,TINHTRANG,TILE,SOGHE) values ('1165','27',1,0,2,'47');
Insert into GON.VE (MAVE,MACB,LOAIVE,TINHTRANG,TILE,SOGHE) values ('1166','27',1,0,2,'48');
Insert into GON.VE (MAVE,MACB,LOAIVE,TINHTRANG,TILE,SOGHE) values ('1167','27',1,0,2,'49');
Insert into GON.VE (MAVE,MACB,LOAIVE,TINHTRANG,TILE,SOGHE) values ('1168','28',0,0,1,'0');
Insert into GON.VE (MAVE,MACB,LOAIVE,TINHTRANG,TILE,SOGHE) values ('1169','28',0,0,1,'1');
Insert into GON.VE (MAVE,MACB,LOAIVE,TINHTRANG,TILE,SOGHE) values ('1170','28',0,0,1,'2');
Insert into GON.VE (MAVE,MACB,LOAIVE,TINHTRANG,TILE,SOGHE) values ('1171','28',0,0,1,'3');
Insert into GON.VE (MAVE,MACB,LOAIVE,TINHTRANG,TILE,SOGHE) values ('1172','28',0,0,1,'4');
Insert into GON.VE (MAVE,MACB,LOAIVE,TINHTRANG,TILE,SOGHE) values ('1173','28',0,0,1,'5');
Insert into GON.VE (MAVE,MACB,LOAIVE,TINHTRANG,TILE,SOGHE) values ('1174','28',0,0,1,'6');
Insert into GON.VE (MAVE,MACB,LOAIVE,TINHTRANG,TILE,SOGHE) values ('1175','28',0,0,1,'7');
Insert into GON.VE (MAVE,MACB,LOAIVE,TINHTRANG,TILE,SOGHE) values ('1176','28',0,0,1,'8');
Insert into GON.VE (MAVE,MACB,LOAIVE,TINHTRANG,TILE,SOGHE) values ('1177','28',0,0,1,'9');
Insert into GON.VE (MAVE,MACB,LOAIVE,TINHTRANG,TILE,SOGHE) values ('1178','28',0,0,1,'10');
Insert into GON.VE (MAVE,MACB,LOAIVE,TINHTRANG,TILE,SOGHE) values ('1179','28',0,0,1,'11');
Insert into GON.VE (MAVE,MACB,LOAIVE,TINHTRANG,TILE,SOGHE) values ('1180','28',0,0,1,'12');
Insert into GON.VE (MAVE,MACB,LOAIVE,TINHTRANG,TILE,SOGHE) values ('1181','28',0,0,1,'13');
Insert into GON.VE (MAVE,MACB,LOAIVE,TINHTRANG,TILE,SOGHE) values ('1182','28',0,0,1,'14');
Insert into GON.VE (MAVE,MACB,LOAIVE,TINHTRANG,TILE,SOGHE) values ('1183','28',0,0,1,'15');
Insert into GON.VE (MAVE,MACB,LOAIVE,TINHTRANG,TILE,SOGHE) values ('1184','28',0,0,1,'16');
Insert into GON.VE (MAVE,MACB,LOAIVE,TINHTRANG,TILE,SOGHE) values ('1185','28',0,0,1,'17');
Insert into GON.VE (MAVE,MACB,LOAIVE,TINHTRANG,TILE,SOGHE) values ('1186','28',0,0,1,'18');
Insert into GON.VE (MAVE,MACB,LOAIVE,TINHTRANG,TILE,SOGHE) values ('1187','28',0,0,1,'19');
Insert into GON.VE (MAVE,MACB,LOAIVE,TINHTRANG,TILE,SOGHE) values ('1188','28',0,0,1,'20');
Insert into GON.VE (MAVE,MACB,LOAIVE,TINHTRANG,TILE,SOGHE) values ('1189','28',0,0,1,'21');
Insert into GON.VE (MAVE,MACB,LOAIVE,TINHTRANG,TILE,SOGHE) values ('1190','28',0,0,1,'22');
Insert into GON.VE (MAVE,MACB,LOAIVE,TINHTRANG,TILE,SOGHE) values ('1191','28',0,0,1,'23');
Insert into GON.VE (MAVE,MACB,LOAIVE,TINHTRANG,TILE,SOGHE) values ('1192','28',0,0,1,'24');
Insert into GON.VE (MAVE,MACB,LOAIVE,TINHTRANG,TILE,SOGHE) values ('1193','28',0,0,1,'25');
Insert into GON.VE (MAVE,MACB,LOAIVE,TINHTRANG,TILE,SOGHE) values ('1194','28',0,0,1,'26');
Insert into GON.VE (MAVE,MACB,LOAIVE,TINHTRANG,TILE,SOGHE) values ('1195','28',0,0,1,'27');
Insert into GON.VE (MAVE,MACB,LOAIVE,TINHTRANG,TILE,SOGHE) values ('1196','28',0,0,1,'28');
Insert into GON.VE (MAVE,MACB,LOAIVE,TINHTRANG,TILE,SOGHE) values ('1197','28',0,0,1,'29');
Insert into GON.VE (MAVE,MACB,LOAIVE,TINHTRANG,TILE,SOGHE) values ('1198','28',0,0,1,'30');
Insert into GON.VE (MAVE,MACB,LOAIVE,TINHTRANG,TILE,SOGHE) values ('1199','28',0,0,1,'31');
Insert into GON.VE (MAVE,MACB,LOAIVE,TINHTRANG,TILE,SOGHE) values ('1200','28',0,0,1,'32');
Insert into GON.VE (MAVE,MACB,LOAIVE,TINHTRANG,TILE,SOGHE) values ('1201','28',0,0,1,'33');
Insert into GON.VE (MAVE,MACB,LOAIVE,TINHTRANG,TILE,SOGHE) values ('1202','28',0,0,1,'34');
Insert into GON.VE (MAVE,MACB,LOAIVE,TINHTRANG,TILE,SOGHE) values ('1203','28',0,0,1,'35');
Insert into GON.VE (MAVE,MACB,LOAIVE,TINHTRANG,TILE,SOGHE) values ('1204','28',0,0,1,'36');
Insert into GON.VE (MAVE,MACB,LOAIVE,TINHTRANG,TILE,SOGHE) values ('1205','28',0,0,1,'37');
Insert into GON.VE (MAVE,MACB,LOAIVE,TINHTRANG,TILE,SOGHE) values ('1206','28',0,0,1,'38');
Insert into GON.VE (MAVE,MACB,LOAIVE,TINHTRANG,TILE,SOGHE) values ('1207','28',0,0,1,'39');
Insert into GON.VE (MAVE,MACB,LOAIVE,TINHTRANG,TILE,SOGHE) values ('1208','28',1,0,2,'40');
Insert into GON.VE (MAVE,MACB,LOAIVE,TINHTRANG,TILE,SOGHE) values ('1209','28',1,0,2,'41');
Insert into GON.VE (MAVE,MACB,LOAIVE,TINHTRANG,TILE,SOGHE) values ('1210','28',1,0,2,'42');
Insert into GON.VE (MAVE,MACB,LOAIVE,TINHTRANG,TILE,SOGHE) values ('1211','28',1,0,2,'43');
Insert into GON.VE (MAVE,MACB,LOAIVE,TINHTRANG,TILE,SOGHE) values ('1212','28',1,0,2,'44');
Insert into GON.VE (MAVE,MACB,LOAIVE,TINHTRANG,TILE,SOGHE) values ('1213','28',1,0,2,'45');
Insert into GON.VE (MAVE,MACB,LOAIVE,TINHTRANG,TILE,SOGHE) values ('1214','28',1,0,2,'46');
Insert into GON.VE (MAVE,MACB,LOAIVE,TINHTRANG,TILE,SOGHE) values ('1215','28',1,0,2,'47');
Insert into GON.VE (MAVE,MACB,LOAIVE,TINHTRANG,TILE,SOGHE) values ('1216','28',1,0,2,'48');
Insert into GON.VE (MAVE,MACB,LOAIVE,TINHTRANG,TILE,SOGHE) values ('1217','28',1,0,2,'49');
Insert into GON.VE (MAVE,MACB,LOAIVE,TINHTRANG,TILE,SOGHE) values ('1218','29',0,0,1,'0');
Insert into GON.VE (MAVE,MACB,LOAIVE,TINHTRANG,TILE,SOGHE) values ('1219','29',0,0,1,'1');
Insert into GON.VE (MAVE,MACB,LOAIVE,TINHTRANG,TILE,SOGHE) values ('1220','29',0,0,1,'2');
Insert into GON.VE (MAVE,MACB,LOAIVE,TINHTRANG,TILE,SOGHE) values ('1221','29',0,0,1,'3');
Insert into GON.VE (MAVE,MACB,LOAIVE,TINHTRANG,TILE,SOGHE) values ('1222','29',0,0,1,'4');
Insert into GON.VE (MAVE,MACB,LOAIVE,TINHTRANG,TILE,SOGHE) values ('1223','29',0,0,1,'5');
Insert into GON.VE (MAVE,MACB,LOAIVE,TINHTRANG,TILE,SOGHE) values ('1224','29',0,0,1,'6');
Insert into GON.VE (MAVE,MACB,LOAIVE,TINHTRANG,TILE,SOGHE) values ('1225','29',0,0,1,'7');
Insert into GON.VE (MAVE,MACB,LOAIVE,TINHTRANG,TILE,SOGHE) values ('1226','29',0,0,1,'8');
Insert into GON.VE (MAVE,MACB,LOAIVE,TINHTRANG,TILE,SOGHE) values ('1227','29',0,0,1,'9');
Insert into GON.VE (MAVE,MACB,LOAIVE,TINHTRANG,TILE,SOGHE) values ('1228','29',0,0,1,'10');
Insert into GON.VE (MAVE,MACB,LOAIVE,TINHTRANG,TILE,SOGHE) values ('1229','29',0,0,1,'11');
Insert into GON.VE (MAVE,MACB,LOAIVE,TINHTRANG,TILE,SOGHE) values ('1230','29',0,0,1,'12');
Insert into GON.VE (MAVE,MACB,LOAIVE,TINHTRANG,TILE,SOGHE) values ('1231','29',0,0,1,'13');
Insert into GON.VE (MAVE,MACB,LOAIVE,TINHTRANG,TILE,SOGHE) values ('1232','29',0,0,1,'14');
Insert into GON.VE (MAVE,MACB,LOAIVE,TINHTRANG,TILE,SOGHE) values ('1233','29',0,0,1,'15');
Insert into GON.VE (MAVE,MACB,LOAIVE,TINHTRANG,TILE,SOGHE) values ('1234','29',0,0,1,'16');
Insert into GON.VE (MAVE,MACB,LOAIVE,TINHTRANG,TILE,SOGHE) values ('1235','29',0,0,1,'17');
Insert into GON.VE (MAVE,MACB,LOAIVE,TINHTRANG,TILE,SOGHE) values ('1236','29',0,0,1,'18');
Insert into GON.VE (MAVE,MACB,LOAIVE,TINHTRANG,TILE,SOGHE) values ('1237','29',0,0,1,'19');
Insert into GON.VE (MAVE,MACB,LOAIVE,TINHTRANG,TILE,SOGHE) values ('1238','29',0,0,1,'20');
Insert into GON.VE (MAVE,MACB,LOAIVE,TINHTRANG,TILE,SOGHE) values ('1239','29',0,0,1,'21');
Insert into GON.VE (MAVE,MACB,LOAIVE,TINHTRANG,TILE,SOGHE) values ('1240','29',0,0,1,'22');
Insert into GON.VE (MAVE,MACB,LOAIVE,TINHTRANG,TILE,SOGHE) values ('1241','29',0,0,1,'23');
Insert into GON.VE (MAVE,MACB,LOAIVE,TINHTRANG,TILE,SOGHE) values ('1242','29',0,0,1,'24');
Insert into GON.VE (MAVE,MACB,LOAIVE,TINHTRANG,TILE,SOGHE) values ('1243','29',0,0,1,'25');
Insert into GON.VE (MAVE,MACB,LOAIVE,TINHTRANG,TILE,SOGHE) values ('1244','29',0,0,1,'26');
Insert into GON.VE (MAVE,MACB,LOAIVE,TINHTRANG,TILE,SOGHE) values ('1245','29',0,0,1,'27');
Insert into GON.VE (MAVE,MACB,LOAIVE,TINHTRANG,TILE,SOGHE) values ('1246','29',0,0,1,'28');
Insert into GON.VE (MAVE,MACB,LOAIVE,TINHTRANG,TILE,SOGHE) values ('1247','29',0,0,1,'29');
Insert into GON.VE (MAVE,MACB,LOAIVE,TINHTRANG,TILE,SOGHE) values ('1248','29',0,0,1,'30');
Insert into GON.VE (MAVE,MACB,LOAIVE,TINHTRANG,TILE,SOGHE) values ('1249','29',0,0,1,'31');
Insert into GON.VE (MAVE,MACB,LOAIVE,TINHTRANG,TILE,SOGHE) values ('1250','29',0,0,1,'32');
Insert into GON.VE (MAVE,MACB,LOAIVE,TINHTRANG,TILE,SOGHE) values ('1251','29',0,0,1,'33');
Insert into GON.VE (MAVE,MACB,LOAIVE,TINHTRANG,TILE,SOGHE) values ('1252','29',0,0,1,'34');
Insert into GON.VE (MAVE,MACB,LOAIVE,TINHTRANG,TILE,SOGHE) values ('1253','29',0,0,1,'35');
Insert into GON.VE (MAVE,MACB,LOAIVE,TINHTRANG,TILE,SOGHE) values ('1254','29',0,0,1,'36');
Insert into GON.VE (MAVE,MACB,LOAIVE,TINHTRANG,TILE,SOGHE) values ('1255','29',0,0,1,'37');
Insert into GON.VE (MAVE,MACB,LOAIVE,TINHTRANG,TILE,SOGHE) values ('1256','29',0,0,1,'38');
Insert into GON.VE (MAVE,MACB,LOAIVE,TINHTRANG,TILE,SOGHE) values ('1257','29',0,0,1,'39');
Insert into GON.VE (MAVE,MACB,LOAIVE,TINHTRANG,TILE,SOGHE) values ('1258','29',1,0,2,'40');
Insert into GON.VE (MAVE,MACB,LOAIVE,TINHTRANG,TILE,SOGHE) values ('1259','29',1,0,2,'41');
Insert into GON.VE (MAVE,MACB,LOAIVE,TINHTRANG,TILE,SOGHE) values ('1260','29',1,0,2,'42');
Insert into GON.VE (MAVE,MACB,LOAIVE,TINHTRANG,TILE,SOGHE) values ('1261','29',1,0,2,'43');
Insert into GON.VE (MAVE,MACB,LOAIVE,TINHTRANG,TILE,SOGHE) values ('1262','29',1,0,2,'44');
Insert into GON.VE (MAVE,MACB,LOAIVE,TINHTRANG,TILE,SOGHE) values ('1263','29',1,0,2,'45');
Insert into GON.VE (MAVE,MACB,LOAIVE,TINHTRANG,TILE,SOGHE) values ('1264','29',1,0,2,'46');
Insert into GON.VE (MAVE,MACB,LOAIVE,TINHTRANG,TILE,SOGHE) values ('1265','29',1,0,2,'47');
Insert into GON.VE (MAVE,MACB,LOAIVE,TINHTRANG,TILE,SOGHE) values ('1266','29',1,0,2,'48');
Insert into GON.VE (MAVE,MACB,LOAIVE,TINHTRANG,TILE,SOGHE) values ('1267','29',1,0,2,'49');
Insert into GON.VE (MAVE,MACB,LOAIVE,TINHTRANG,TILE,SOGHE) values ('1318','31',0,0,1,'0');
Insert into GON.VE (MAVE,MACB,LOAIVE,TINHTRANG,TILE,SOGHE) values ('1319','31',0,0,1,'1');
Insert into GON.VE (MAVE,MACB,LOAIVE,TINHTRANG,TILE,SOGHE) values ('1320','31',0,0,1,'2');
Insert into GON.VE (MAVE,MACB,LOAIVE,TINHTRANG,TILE,SOGHE) values ('1321','31',0,0,1,'3');
Insert into GON.VE (MAVE,MACB,LOAIVE,TINHTRANG,TILE,SOGHE) values ('1322','31',0,0,1,'4');
Insert into GON.VE (MAVE,MACB,LOAIVE,TINHTRANG,TILE,SOGHE) values ('1323','31',0,0,1,'5');
Insert into GON.VE (MAVE,MACB,LOAIVE,TINHTRANG,TILE,SOGHE) values ('1324','31',0,0,1,'6');
Insert into GON.VE (MAVE,MACB,LOAIVE,TINHTRANG,TILE,SOGHE) values ('1325','31',0,0,1,'7');
Insert into GON.VE (MAVE,MACB,LOAIVE,TINHTRANG,TILE,SOGHE) values ('1326','31',0,0,1,'8');
Insert into GON.VE (MAVE,MACB,LOAIVE,TINHTRANG,TILE,SOGHE) values ('1327','31',0,1,1,'9');
Insert into GON.VE (MAVE,MACB,LOAIVE,TINHTRANG,TILE,SOGHE) values ('1328','31',0,0,1,'10');
Insert into GON.VE (MAVE,MACB,LOAIVE,TINHTRANG,TILE,SOGHE) values ('1329','31',0,0,1,'11');
Insert into GON.VE (MAVE,MACB,LOAIVE,TINHTRANG,TILE,SOGHE) values ('1330','31',0,0,1,'12');
Insert into GON.VE (MAVE,MACB,LOAIVE,TINHTRANG,TILE,SOGHE) values ('1331','31',0,0,1,'13');
Insert into GON.VE (MAVE,MACB,LOAIVE,TINHTRANG,TILE,SOGHE) values ('1332','31',0,0,1,'14');
Insert into GON.VE (MAVE,MACB,LOAIVE,TINHTRANG,TILE,SOGHE) values ('1333','31',0,0,1,'15');
Insert into GON.VE (MAVE,MACB,LOAIVE,TINHTRANG,TILE,SOGHE) values ('1334','31',0,1,1,'16');
Insert into GON.VE (MAVE,MACB,LOAIVE,TINHTRANG,TILE,SOGHE) values ('1335','31',0,0,1,'17');
Insert into GON.VE (MAVE,MACB,LOAIVE,TINHTRANG,TILE,SOGHE) values ('1336','31',0,0,1,'18');
Insert into GON.VE (MAVE,MACB,LOAIVE,TINHTRANG,TILE,SOGHE) values ('1337','31',0,0,1,'19');
Insert into GON.VE (MAVE,MACB,LOAIVE,TINHTRANG,TILE,SOGHE) values ('1338','31',0,0,1,'20');
Insert into GON.VE (MAVE,MACB,LOAIVE,TINHTRANG,TILE,SOGHE) values ('1339','31',0,0,1,'21');
Insert into GON.VE (MAVE,MACB,LOAIVE,TINHTRANG,TILE,SOGHE) values ('1340','31',0,0,1,'22');
Insert into GON.VE (MAVE,MACB,LOAIVE,TINHTRANG,TILE,SOGHE) values ('1341','31',0,0,1,'23');
Insert into GON.VE (MAVE,MACB,LOAIVE,TINHTRANG,TILE,SOGHE) values ('1342','31',0,0,1,'24');
Insert into GON.VE (MAVE,MACB,LOAIVE,TINHTRANG,TILE,SOGHE) values ('1343','31',0,0,1,'25');
Insert into GON.VE (MAVE,MACB,LOAIVE,TINHTRANG,TILE,SOGHE) values ('1344','31',0,0,1,'26');
Insert into GON.VE (MAVE,MACB,LOAIVE,TINHTRANG,TILE,SOGHE) values ('1345','31',0,0,1,'27');
Insert into GON.VE (MAVE,MACB,LOAIVE,TINHTRANG,TILE,SOGHE) values ('1346','31',0,0,1,'28');
Insert into GON.VE (MAVE,MACB,LOAIVE,TINHTRANG,TILE,SOGHE) values ('1347','31',0,0,1,'29');
Insert into GON.VE (MAVE,MACB,LOAIVE,TINHTRANG,TILE,SOGHE) values ('1348','31',0,0,1,'30');
Insert into GON.VE (MAVE,MACB,LOAIVE,TINHTRANG,TILE,SOGHE) values ('1349','31',0,0,1,'31');
Insert into GON.VE (MAVE,MACB,LOAIVE,TINHTRANG,TILE,SOGHE) values ('1350','31',0,0,1,'32');
Insert into GON.VE (MAVE,MACB,LOAIVE,TINHTRANG,TILE,SOGHE) values ('1351','31',0,0,1,'33');
Insert into GON.VE (MAVE,MACB,LOAIVE,TINHTRANG,TILE,SOGHE) values ('1352','31',0,0,1,'34');
Insert into GON.VE (MAVE,MACB,LOAIVE,TINHTRANG,TILE,SOGHE) values ('1353','31',0,0,1,'35');
Insert into GON.VE (MAVE,MACB,LOAIVE,TINHTRANG,TILE,SOGHE) values ('1354','31',0,0,1,'36');
Insert into GON.VE (MAVE,MACB,LOAIVE,TINHTRANG,TILE,SOGHE) values ('1355','31',0,0,1,'37');
Insert into GON.VE (MAVE,MACB,LOAIVE,TINHTRANG,TILE,SOGHE) values ('1356','31',0,0,1,'38');
Insert into GON.VE (MAVE,MACB,LOAIVE,TINHTRANG,TILE,SOGHE) values ('1357','31',0,0,1,'39');
Insert into GON.VE (MAVE,MACB,LOAIVE,TINHTRANG,TILE,SOGHE) values ('1358','31',1,0,2,'40');
Insert into GON.VE (MAVE,MACB,LOAIVE,TINHTRANG,TILE,SOGHE) values ('1359','31',1,0,2,'41');
Insert into GON.VE (MAVE,MACB,LOAIVE,TINHTRANG,TILE,SOGHE) values ('1360','31',1,0,2,'42');
Insert into GON.VE (MAVE,MACB,LOAIVE,TINHTRANG,TILE,SOGHE) values ('1361','31',1,0,2,'43');
Insert into GON.VE (MAVE,MACB,LOAIVE,TINHTRANG,TILE,SOGHE) values ('1362','31',1,0,2,'44');
Insert into GON.VE (MAVE,MACB,LOAIVE,TINHTRANG,TILE,SOGHE) values ('1363','31',1,0,2,'45');
Insert into GON.VE (MAVE,MACB,LOAIVE,TINHTRANG,TILE,SOGHE) values ('1364','31',1,0,2,'46');
Insert into GON.VE (MAVE,MACB,LOAIVE,TINHTRANG,TILE,SOGHE) values ('1365','31',1,0,2,'47');
Insert into GON.VE (MAVE,MACB,LOAIVE,TINHTRANG,TILE,SOGHE) values ('1366','31',1,0,2,'48');
Insert into GON.VE (MAVE,MACB,LOAIVE,TINHTRANG,TILE,SOGHE) values ('1367','31',1,0,2,'49');
--------------------------------------------------------
--  DDL for Index CHITIETCHUYENBAY_PK
--------------------------------------------------------

  CREATE UNIQUE INDEX "GON"."CHITIETCHUYENBAY_PK" ON "GON"."CHITIETVE" ("MAVE") 
  PCTFREE 10 INITRANS 2 MAXTRANS 255 COMPUTE STATISTICS 
  STORAGE(INITIAL 65536 NEXT 1048576 MINEXTENTS 1 MAXEXTENTS 2147483645
  PCTINCREASE 0 FREELISTS 1 FREELIST GROUPS 1
  BUFFER_POOL DEFAULT FLASH_CACHE DEFAULT CELL_FLASH_CACHE DEFAULT)
  TABLESPACE "USERS" ;
--------------------------------------------------------
--  DDL for Index CHITIETHOADON_PK
--------------------------------------------------------

  CREATE UNIQUE INDEX "GON"."CHITIETHOADON_PK" ON "GON"."CHITIETHOADON" ("MACHITIETHOADON") 
  PCTFREE 10 INITRANS 2 MAXTRANS 255 COMPUTE STATISTICS 
  STORAGE(INITIAL 65536 NEXT 1048576 MINEXTENTS 1 MAXEXTENTS 2147483645
  PCTINCREASE 0 FREELISTS 1 FREELIST GROUPS 1
  BUFFER_POOL DEFAULT FLASH_CACHE DEFAULT CELL_FLASH_CACHE DEFAULT)
  TABLESPACE "USERS" ;
--------------------------------------------------------
--  DDL for Index CHUYENBAY_PK
--------------------------------------------------------

  CREATE UNIQUE INDEX "GON"."CHUYENBAY_PK" ON "GON"."CHUYENBAY" ("MACB") 
  PCTFREE 10 INITRANS 2 MAXTRANS 255 COMPUTE STATISTICS 
  STORAGE(INITIAL 65536 NEXT 1048576 MINEXTENTS 1 MAXEXTENTS 2147483645
  PCTINCREASE 0 FREELISTS 1 FREELIST GROUPS 1
  BUFFER_POOL DEFAULT FLASH_CACHE DEFAULT CELL_FLASH_CACHE DEFAULT)
  TABLESPACE "USERS" ;
--------------------------------------------------------
--  DDL for Index DANGNHAP_PK
--------------------------------------------------------

  CREATE UNIQUE INDEX "GON"."DANGNHAP_PK" ON "GON"."DANGNHAP" ("EMAIL") 
  PCTFREE 10 INITRANS 2 MAXTRANS 255 COMPUTE STATISTICS 
  STORAGE(INITIAL 65536 NEXT 1048576 MINEXTENTS 1 MAXEXTENTS 2147483645
  PCTINCREASE 0 FREELISTS 1 FREELIST GROUPS 1
  BUFFER_POOL DEFAULT FLASH_CACHE DEFAULT CELL_FLASH_CACHE DEFAULT)
  TABLESPACE "USERS" ;
--------------------------------------------------------
--  DDL for Index HANGMAYBAY_PK
--------------------------------------------------------

  CREATE UNIQUE INDEX "GON"."HANGMAYBAY_PK" ON "GON"."HANGMAYBAY" ("MAHMB") 
  PCTFREE 10 INITRANS 2 MAXTRANS 255 COMPUTE STATISTICS 
  STORAGE(INITIAL 65536 NEXT 1048576 MINEXTENTS 1 MAXEXTENTS 2147483645
  PCTINCREASE 0 FREELISTS 1 FREELIST GROUPS 1
  BUFFER_POOL DEFAULT FLASH_CACHE DEFAULT CELL_FLASH_CACHE DEFAULT)
  TABLESPACE "USERS" ;
--------------------------------------------------------
--  DDL for Index HOADON_PK
--------------------------------------------------------

  CREATE UNIQUE INDEX "GON"."HOADON_PK" ON "GON"."HOADON" ("MAHOADON") 
  PCTFREE 10 INITRANS 2 MAXTRANS 255 COMPUTE STATISTICS 
  STORAGE(INITIAL 65536 NEXT 1048576 MINEXTENTS 1 MAXEXTENTS 2147483645
  PCTINCREASE 0 FREELISTS 1 FREELIST GROUPS 1
  BUFFER_POOL DEFAULT FLASH_CACHE DEFAULT CELL_FLASH_CACHE DEFAULT)
  TABLESPACE "USERS" ;
--------------------------------------------------------
--  DDL for Index KHACHHANG_PK
--------------------------------------------------------

  CREATE UNIQUE INDEX "GON"."KHACHHANG_PK" ON "GON"."KHACHHANG" ("MAKHACHHANG") 
  PCTFREE 10 INITRANS 2 MAXTRANS 255 COMPUTE STATISTICS 
  STORAGE(INITIAL 65536 NEXT 1048576 MINEXTENTS 1 MAXEXTENTS 2147483645
  PCTINCREASE 0 FREELISTS 1 FREELIST GROUPS 1
  BUFFER_POOL DEFAULT FLASH_CACHE DEFAULT CELL_FLASH_CACHE DEFAULT)
  TABLESPACE "USERS" ;
--------------------------------------------------------
--  DDL for Index KHUYENMAI_PK
--------------------------------------------------------

  CREATE UNIQUE INDEX "GON"."KHUYENMAI_PK" ON "GON"."KHUYENMAI" ("MAKM") 
  PCTFREE 10 INITRANS 2 MAXTRANS 255 COMPUTE STATISTICS 
  STORAGE(INITIAL 65536 NEXT 1048576 MINEXTENTS 1 MAXEXTENTS 2147483645
  PCTINCREASE 0 FREELISTS 1 FREELIST GROUPS 1
  BUFFER_POOL DEFAULT FLASH_CACHE DEFAULT CELL_FLASH_CACHE DEFAULT)
  TABLESPACE "USERS" ;
--------------------------------------------------------
--  DDL for Index SANBAY_PK
--------------------------------------------------------

  CREATE UNIQUE INDEX "GON"."SANBAY_PK" ON "GON"."SANBAY" ("MASB") 
  PCTFREE 10 INITRANS 2 MAXTRANS 255 COMPUTE STATISTICS 
  STORAGE(INITIAL 65536 NEXT 1048576 MINEXTENTS 1 MAXEXTENTS 2147483645
  PCTINCREASE 0 FREELISTS 1 FREELIST GROUPS 1
  BUFFER_POOL DEFAULT FLASH_CACHE DEFAULT CELL_FLASH_CACHE DEFAULT)
  TABLESPACE "USERS" ;
--------------------------------------------------------
--  DDL for Index VE_PK
--------------------------------------------------------

  CREATE UNIQUE INDEX "GON"."VE_PK" ON "GON"."VE" ("MAVE") 
  PCTFREE 10 INITRANS 2 MAXTRANS 255 COMPUTE STATISTICS 
  STORAGE(INITIAL 65536 NEXT 1048576 MINEXTENTS 1 MAXEXTENTS 2147483645
  PCTINCREASE 0 FREELISTS 1 FREELIST GROUPS 1
  BUFFER_POOL DEFAULT FLASH_CACHE DEFAULT CELL_FLASH_CACHE DEFAULT)
  TABLESPACE "USERS" ;